gvkey,iid,gvkeyx,from,thru,conm,indextype,tic,spii,spmi,indexcat,co_conm,co_tic,co_cusip,co_cik,co_sic,co_naics
001078,01,000003,1964/03/31,,S&P 500 Comp-Ltd,LGCAP,I0003,,10,S&P,ABBOTT LABORATORIES,ABT,002824100,0000001800,2834,325412
001300,01,000003,1964/03/31,,S&P 500 Comp-Ltd,LGCAP,I0003,,10,S&P,HONEYWELL INTERNATIONAL INC,HON,438516106,0000773840,9997,336413
001440,01,000003,1964/03/31,,S&P 500 Comp-Ltd,LGCAP,I0003,,10,S&P,AMERICAN ELECTRIC POWER CO,AEP,025537101,0000004904,4911,2211
002285,01,000003,1964/03/31,,S&P 500 Comp-Ltd,LGCAP,I0003,,10,S&P,BOEING CO,BA,097023105,0000012927,3721,336411
002403,01,000003,1964/03/31,,S&P 500 Comp-Ltd,LGCAP,I0003,,10,S&P,BRISTOL-MYERS SQUIBB CO,BMY,110122108,0000014272,2834,325412
002663,01,000003,1964/03/31,,S&P 500 Comp-Ltd,LGCAP,I0003,,10,S&P,CAMPBELL SOUP CO,CPB,134429109,0000016732,2030,311422
002817,01,000003,1964/03/31,,S&P 500 Comp-Ltd,LGCAP,I0003,,10,S&P,CATERPILLAR INC,CAT,149123101,0000018230,3531,333120
002991,01,000003,1964/03/31,,S&P 500 Comp-Ltd,LGCAP,I0003,,10,S&P,CHEVRON CORP,CVX,166764100,0000093410,2911,324110
003144,01,000003,1964/03/31,,S&P 500 Comp-Ltd,LGCAP,I0003,,10,S&P,COCA-COLA CO,KO,191216100,0000021344,2086,312111
003170,01,000003,1964/03/31,,S&P 500 Comp-Ltd,LGCAP,I0003,,10,S&P,COLGATE-PALMOLIVE CO,CL,194162103,0000021665,2844,325611
003413,01,000003,1964/03/31,,S&P 500 Comp-Ltd,LGCAP,I0003,,10,S&P,CONSOLIDATED EDISON INC,ED,209115104,0001047862,4931,22111
003532,01,000003,1964/03/31,,S&P 500 Comp-Ltd,LGCAP,I0003,,10,S&P,CORNING INC,GLW,219350105,0000024741,3679,334419
003835,01,000003,1964/03/31,,S&P 500 Comp-Ltd,LGCAP,I0003,,10,S&P,DEERE & CO,DE,244199105,0000315189,3523,333111
003897,01,000003,1964/03/31,,S&P 500 Comp-Ltd,LGCAP,I0003,,10,S&P,DTE ENERGY CO,DTE,233331107,0000936340,4931,2211
004029,01,000003,1964/03/31,,S&P 500 Comp-Ltd,LGCAP,I0003,,10,S&P,DOMINION ENERGY INC,D,25746U109,0000715957,4911,22111
004060,01,000003,1964/03/31,,S&P 500 Comp-Ltd,LGCAP,I0003,,10,S&P,DOWDUPONT INC,DWDP,26078J100,0001666700,2821,325211
004199,01,000003,1964/03/31,,S&P 500 Comp-Ltd,LGCAP,I0003,,10,S&P,EATON CORP PLC,ETN,G29183103,0001551182,3620,335314
004503,01,000003,1964/03/31,,S&P 500 Comp-Ltd,LGCAP,I0003,,10,S&P,EXXON MOBIL CORP,XOM,30231G102,0000034088,2911,324110
004839,01,000003,1964/03/31,,S&P 500 Comp-Ltd,LGCAP,I0003,,10,S&P,FORD MOTOR CO,F,345370860,0000037996,3711,33611
005046,01,000003,1964/03/31,,S&P 500 Comp-Ltd,LGCAP,I0003,,10,S&P,GENERAL DYNAMICS CORP,GD,369550108,0000040533,3721,336411
005047,01,000003,1964/03/31,,S&P 500 Comp-Ltd,LGCAP,I0003,,10,S&P,GENERAL ELECTRIC CO,GE,369604103,0000040545,9997,999977
005234,01,000003,1964/03/31,,S&P 500 Comp-Ltd,LGCAP,I0003,,10,S&P,GOODYEAR TIRE & RUBBER CO,GT,382550101,0000042582,3011,326211
005439,01,000003,1964/03/31,,S&P 500 Comp-Ltd,LGCAP,I0003,,10,S&P,HALLIBURTON CO,HAL,406216101,0000045012,1389,213112
005597,01,000003,1964/03/31,,S&P 500 Comp-Ltd,LGCAP,I0003,,10,S&P,HERSHEY CO,HSY,427866108,0000047111,2060,311351
006066,01,000003,1964/03/31,,S&P 500 Comp-Ltd,LGCAP,I0003,,10,S&P,INTL BUSINESS MACHINES CORP,IBM,459200101,0000051143,7370,519130
006104,01,000003,1964/03/31,,S&P 500 Comp-Ltd,LGCAP,I0003,,10,S&P,INTL PAPER CO,IP,460146103,0000051434,2631,322130
006375,01,000003,1964/03/31,,S&P 500 Comp-Ltd,LGCAP,I0003,,10,S&P,KELLOGG CO,K,487836108,0000055067,2040,311230
006435,01,000003,1964/03/31,,S&P 500 Comp-Ltd,LGCAP,I0003,,10,S&P,KIMBERLY-CLARK CORP,KMB,494368103,0000055785,2621,322121
006502,01,000003,1964/03/31,,S&P 500 Comp-Ltd,LGCAP,I0003,,10,S&P,KROGER CO,KR,501044101,0000056873,5411,445110
007163,01,000003,1964/03/31,,S&P 500 Comp-Ltd,LGCAP,I0003,,10,S&P,S&P GLOBAL INC,SPGI,78409V104,0000064040,7323,561450
007241,01,000003,1964/03/31,,S&P 500 Comp-Ltd,LGCAP,I0003,,10,S&P,CVS HEALTH CORP,CVS,126650100,0000064803,5912,446110
007257,01,000003,1964/03/31,,S&P 500 Comp-Ltd,LGCAP,I0003,,10,S&P,MERCK & CO,MRK,58933Y105,0000310158,2834,325412
007366,01,000003,1964/03/31,,S&P 500 Comp-Ltd,LGCAP,I0003,,10,S&P,ENTERGY CORP,ETR,29364G103,0000065984,4911,22111
007435,01,000003,1964/03/31,,S&P 500 Comp-Ltd,LGCAP,I0003,,10,S&P,3M CO,MMM,88579Y101,0000066740,2670,322220
007585,01,000003,1964/03/31,,S&P 500 Comp-Ltd,LGCAP,I0003,,10,S&P,MOTOROLA SOLUTIONS INC,MSI,620076307,0000068505,3663,334220
007923,01,000003,1964/03/31,,S&P 500 Comp-Ltd,LGCAP,I0003,,10,S&P,NORFOLK SOUTHERN CORP,NSC,655844108,0000702165,4011,482111
007977,01,000003,1964/03/31,,S&P 500 Comp-Ltd,LGCAP,I0003,,10,S&P,XCEL ENERGY INC,XEL,98389B100,0000072903,4931,2211
008099,01,000003,1964/03/31,,S&P 500 Comp-Ltd,LGCAP,I0003,,10,S&P,FIRSTENERGY CORP,FE,337932107,0001031296,4911,22111
008247,01,000003,1964/03/31,,S&P 500 Comp-Ltd,LGCAP,I0003,,10,S&P,PPG INDUSTRIES INC,PPG,693506107,0000079879,2851,325510
008272,01,000003,1964/03/31,,S&P 500 Comp-Ltd,LGCAP,I0003,,10,S&P,SEMPRA ENERGY,SRE,816851109,0001032208,4931,22111
008479,01,000003,1964/03/31,,S&P 500 Comp-Ltd,LGCAP,I0003,,10,S&P,PEPSICO INC,PEP,713448108,0000077476,2080,311919
008530,01,000003,1964/03/31,,S&P 500 Comp-Ltd,LGCAP,I0003,,10,S&P,PFIZER INC,PFE,717081103,0000078003,2834,325412
008539,01,000003,1964/03/31,,S&P 500 Comp-Ltd,LGCAP,I0003,,10,S&P,EXELON CORP,EXC,30161N101,0001109357,4911,22111
008543,01,000003,1964/03/31,,S&P 500 Comp-Ltd,LGCAP,I0003,,10,S&P,ALTRIA GROUP INC,MO,02209S103,0000764180,2111,312230
008549,01,000003,1964/03/31,,S&P 500 Comp-Ltd,LGCAP,I0003,,10,S&P,CONOCOPHILLIPS,COP,20825C104,0001163165,1311,211111
008762,01,000003,1964/03/31,,S&P 500 Comp-Ltd,LGCAP,I0003,,10,S&P,PROCTER & GAMBLE CO,PG,742718109,0000080424,2840,325611
008810,01,000003,1964/03/31,,S&P 500 Comp-Ltd,LGCAP,I0003,,10,S&P,PUBLIC SERVICE ENTRP GRP INC,PEG,744573106,0000788784,4931,22111
008972,01,000003,1964/03/31,,S&P 500 Comp-Ltd,LGCAP,I0003,,10,S&P,RAYTHEON CO,RTN,755111507,0001047122,3812,334511
009203,01,000003,1964/03/31,,S&P 500 Comp-Ltd,LGCAP,I0003,,10,S&P,ROCKWELL AUTOMATION,ROK,773903109,0001024478,3620,335314
009846,01,000003,1964/03/31,,S&P 500 Comp-Ltd,LGCAP,I0003,,10,S&P,EDISON INTERNATIONAL,EIX,281020107,0000827052,4911,22111
009850,01,000003,1964/03/31,,S&P 500 Comp-Ltd,LGCAP,I0003,,10,S&P,SOUTHERN CO,SO,842587107,0000092122,4911,2211
010499,01,000003,1964/03/31,,S&P 500 Comp-Ltd,LGCAP,I0003,,10,S&P,TEXAS INSTRUMENTS INC,TXN,882508104,0000097476,3674,334413
010867,01,000003,1964/03/31,,S&P 500 Comp-Ltd,LGCAP,I0003,,10,S&P,UNION PACIFIC CORP,UNP,907818108,0000100885,4011,482111
010983,01,000003,1964/03/31,,S&P 500 Comp-Ltd,LGCAP,I0003,,10,S&P,UNITED TECHNOLOGIES CORP,UTX,913017109,0000101829,3724,336412
011456,01,000003,1964/03/31,,S&P 500 Comp-Ltd,LGCAP,I0003,,10,S&P,WEYERHAEUSER CO,WY,962166104,0000106535,2400,321
011465,01,000003,1964/03/31,,S&P 500 Comp-Ltd,LGCAP,I0003,,10,S&P,WHIRLPOOL CORP,WHR,963320106,0000106640,3630,3352
011636,01,000003,1964/03/31,,S&P 500 Comp-Ltd,LGCAP,I0003,,10,S&P,XEROX CORP,XRX,984121608,0000108772,3577,333316
009667,01,000003,1964/06/30,,S&P 500 Comp-Ltd,LGCAP,I0003,,10,S&P,SHERWIN-WILLIAMS CO,SHW,824348106,0000089800,2851,325510
003650,01,000003,1965/03/31,,S&P 500 Comp-Ltd,LGCAP,I0003,,10,S&P,CUMMINS INC,CMI,231021106,0000026172,3510,333618
004321,01,000003,1965/03/31,,S&P 500 Comp-Ltd,LGCAP,I0003,,10,S&P,EMERSON ELECTRIC CO,EMR,291011104,0000032604,3823,334513
009465,01,000003,1965/03/31,,S&P 500 Comp-Ltd,LGCAP,I0003,,10,S&P,SCHLUMBERGER LTD,SLB,806857108,0000087347,1389,213112
002574,01,000003,1967/09/30,,S&P 500 Comp-Ltd,LGCAP,I0003,,10,S&P,CSX CORP,CSX,126408103,0000277948,4011,482111
003121,01,000003,1969/03/31,,S&P 500 Comp-Ltd,LGCAP,I0003,,10,S&P,CLOROX CO/DE,CLX,189054109,0000021076,2842,325612
005071,01,000003,1969/03/31,,S&P 500 Comp-Ltd,LGCAP,I0003,,10,S&P,GENERAL MILLS INC,GIS,370334104,0000040704,2040,311230
007881,01,000003,1969/06/30,,S&P 500 Comp-Ltd,LGCAP,I0003,,10,S&P,NEWMONT MINING CORP,NEM,651639106,0001164727,1040,212221
007154,01,000003,1970/06/30,,S&P 500 Comp-Ltd,LGCAP,I0003,,10,S&P,MCDONALD'S CORP,MCD,580135101,0000063908,5812,722513
006730,01,000003,1970/12/31,,S&P 500 Comp-Ltd,LGCAP,I0003,,10,S&P,LILLY (ELI) & CO,LLY,532457108,0000059478,2834,325412
002086,01,000003,1972/09/30,,S&P 500 Comp-Ltd,LGCAP,I0003,,10,S&P,BAXTER INTERNATIONAL INC,BAX,071813109,0000010456,2834,325412
002111,01,000003,1972/09/30,,S&P 500 Comp-Ltd,LGCAP,I0003,,10,S&P,BECTON DICKINSON & CO,BDX,075887109,0000010795,3841,339112
006266,01,000003,1973/06/30,,S&P 500 Comp-Ltd,LGCAP,I0003,,10,S&P,JOHNSON & JOHNSON,JNJ,478160104,0000200406,2834,325412
005125,01,000003,1973/12/31,,S&P 500 Comp-Ltd,LGCAP,I0003,,10,S&P,GENUINE PARTS CO,GPC,372460105,0000040987,5013,423120
005606,01,000003,1974/12/31,,S&P 500 Comp-Ltd,LGCAP,I0003,,10,S&P,HP INC,HPQ,40434L105,0000047217,3570,33411
011506,01,000003,1975/03/31,,S&P 500 Comp-Ltd,LGCAP,I0003,,10,S&P,WILLIAMS COS INC,WMB,969457100,0000107263,4922,486210
006078,01,000003,1976/03/31,,S&P 500 Comp-Ltd,LGCAP,I0003,,10,S&P,INTL FLAVORS & FRAGRANCES,IFF,459506101,0000051253,2860,325199
001447,01,000003,1976/06/30,,S&P 500 Comp-Ltd,LGCAP,I0003,,10,S&P,AMERICAN EXPRESS CO,AXP,025816109,0000004962,6141,522210
002547,01,000003,1976/06/30,,S&P 500 Comp-Ltd,LGCAP,I0003,,10,S&P,CIGNA CORP,CI,125523100,0001739940,6324,524114
002968,01,000003,1976/06/30,,S&P 500 Comp-Ltd,LGCAP,I0003,,10,S&P,JPMORGAN CHASE & CO,JPM,46625H100,0000019617,6020,522110
003505,01,000003,1976/06/30,,S&P 500 Comp-Ltd,LGCAP,I0003,,10,S&P,MOLSON COORS BREWING CO,TAP,60871R209,0000024545,2082,312120
003980,01,000003,1976/06/30,,S&P 500 Comp-Ltd,LGCAP,I0003,,10,S&P,DISNEY (WALT) CO,DIS,254687106,0001001039,4888,515120
004093,01,000003,1976/06/30,,S&P 500 Comp-Ltd,LGCAP,I0003,,10,S&P,DUKE ENERGY CORP,DUK,26441C204,0001326160,4931,2211
004517,01,000003,1976/06/30,,S&P 500 Comp-Ltd,LGCAP,I0003,,10,S&P,NEXTERA ENERGY INC,NEE,65339F101,0000753308,4911,22111
006742,01,000003,1976/06/30,,S&P 500 Comp-Ltd,LGCAP,I0003,,10,S&P,LINCOLN NATIONAL CORP,LNC,534187109,0000059558,6311,524113
007647,01,000003,1976/06/30,,S&P 500 Comp-Ltd,LGCAP,I0003,,10,S&P,BANK OF AMERICA CORP,BAC,060505104,0000070858,6020,522110
008007,01,000003,1976/06/30,,S&P 500 Comp-Ltd,LGCAP,I0003,,10,S&P,WELLS FARGO & CO,WFC,949746101,0000072971,6020,522110
003813,01,000003,1976/12/31,,S&P 500 Comp-Ltd,LGCAP,I0003,,10,S&P,TARGET CORP,TGT,87612E106,0000027419,5331,452990
006008,01,000003,1976/12/31,,S&P 500 Comp-Ltd,LGCAP,I0003,,10,S&P,INTEL CORP,INTC,458140100,0000050863,3674,334413
010519,01,000003,1978/12/31,,S&P 500 Comp-Ltd,LGCAP,I0003,,10,S&P,TEXTRON INC,TXT,883203101,0000217346,3721,336411
011060,01,000003,1979/06/30,,S&P 500 Comp-Ltd,LGCAP,I0003,,10,S&P,VF CORP,VFC,918204108,0000103379,2320,315220
011264,01,000003,1979/12/31,,S&P 500 Comp-Ltd,LGCAP,I0003,,10,S&P,WALGREENS BOOTS ALLIANCE INC,WBA,931427108,0001618921,5912,446110
001487,01,000003,1980/03/31,,S&P 500 Comp-Ltd,LGCAP,I0003,,10,S&P,AMERICAN INTERNATIONAL GROUP,AIG,026874784,0000005272,6331,524126
004818,01,000003,1980/03/31,,S&P 500 Comp-Ltd,LGCAP,I0003,,10,S&P,FLUOR CORP,FLR,343412102,0001124198,1600,237990
004598,01,000003,1980/12/31,,S&P 500 Comp-Ltd,LGCAP,I0003,,10,S&P,FEDEX CORP,FDX,31428X106,0001048911,4513,492110
008253,01,000003,1980/12/31,,S&P 500 Comp-Ltd,LGCAP,I0003,,10,S&P,PACCAR INC,PCAR,693718108,0000075362,3711,336120
001891,01,000003,1981/03/31,,S&P 500 Comp-Ltd,LGCAP,I0003,,10,S&P,AUTOMATIC DATA PROCESSING,ADP,053015103,0000008670,7374,518210
005256,01,000003,1981/06/30,,S&P 500 Comp-Ltd,LGCAP,I0003,,10,S&P,GRAINGER (W W) INC,GWW,384802104,0000277135,5000,42
007085,01,000003,1981/06/30,,S&P 500 Comp-Ltd,LGCAP,I0003,,10,S&P,MASCO CORP,MAS,574599106,0000062996,3430,332913
001722,01,000003,1981/07/29,,S&P 500 Comp-Ltd,LGCAP,I0003,,10,S&P,ARCHER-DANIELS-MIDLAND CO,ADM,039483102,0000007084,2070,31122
007116,01,000003,1982/03/31,,S&P 500 Comp-Ltd,LGCAP,I0003,,10,S&P,MATTEL INC,MAT,577081102,0000063276,3942,339930
011259,01,000003,1982/08/31,,S&P 500 Comp-Ltd,LGCAP,I0003,,10,S&P,WALMART INC,WMT,931142103,0000104169,5331,452990
009778,01,000003,1982/09/30,,S&P 500 Comp-Ltd,LGCAP,I0003,,10,S&P,SNAP-ON INC,SNA,833034101,0000091440,3420,332216
010016,01,000003,1982/09/30,,S&P 500 Comp-Ltd,LGCAP,I0003,,10,S&P,STANLEY BLACK & DECKER INC,SWK,854502101,0000093556,3540,333991
002435,01,000003,1982/10/31,,S&P 500 Comp-Ltd,LGCAP,I0003,,10,S&P,BROWN FORMAN CORP,BF.B,115637209,0000014693,2085,312140
001690,01,000003,1982/11/30,,S&P 500 Comp-Ltd,LGCAP,I0003,,10,S&P,APPLE INC,AAPL,037833100,0000320193,3663,334220
008068,01,000003,1982/12/31,,S&P 500 Comp-Ltd,LGCAP,I0003,,10,S&P,OCCIDENTAL PETROLEUM CORP,OXY,674599105,0000797468,1311,211111
003362,01,000003,1983/08/31,,S&P 500 Comp-Ltd,LGCAP,I0003,,10,S&P,CONAGRA BRANDS INC,CAG,205887102,0000023217,2000,31142
006733,01,000003,1983/09/30,,S&P 500 Comp-Ltd,LGCAP,I0003,,10,S&P,L BRANDS INC,LB,501797104,0000701985,5621,448120
002136,01,000003,1983/11/30,,S&P 500 Comp-Ltd,LGCAP,I0003,,10,S&P,VERIZON COMMUNICATIONS INC,VZ,92343V104,0000732712,4812,517210
009899,01,000003,1983/11/30,,S&P 500 Comp-Ltd,LGCAP,I0003,,10,S&P,AT&T INC,T,00206R102,0000732717,4812,517210
006829,01,000003,1984/02/29,,S&P 500 Comp-Ltd,LGCAP,I0003,,10,S&P,LOWE'S COMPANIES INC,LOW,548661107,0000060667,5211,444110
008823,01,000003,1984/04/30,,S&P 500 Comp-Ltd,LGCAP,I0003,,10,S&P,PULTEGROUP INC,PHM,745867101,0000822416,1531,236117
001380,01,000003,1984/05/31,,S&P 500 Comp-Ltd,LGCAP,I0003,,10,S&P,HESS CORP,HES,42809H107,0000004447,1311,211111
006774,01,000003,1984/07/31,,S&P 500 Comp-Ltd,LGCAP,I0003,,10,S&P,LOCKHEED MARTIN CORP,LMT,539830109,0000936468,3760,336414
005518,01,000003,1984/09/30,,S&P 500 Comp-Ltd,LGCAP,I0003,,10,S&P,HASBRO INC,HAS,418056107,0000046080,3944,339930
001988,01,000003,1984/10/31,,S&P 500 Comp-Ltd,LGCAP,I0003,,10,S&P,BALL CORP,BLL,058498106,0000009389,3411,332431
001209,01,000003,1985/04/30,,S&P 500 Comp-Ltd,LGCAP,I0003,,10,S&P,AIR PRODUCTS & CHEMICALS INC,APD,009158106,0000002969,2810,325120
008030,01,000003,1985/04/30,,S&P 500 Comp-Ltd,LGCAP,I0003,,10,S&P,NUCOR CORP,NUE,670346105,0000073309,3312,331110
004145,01,000003,1985/05/31,,S&P 500 Comp-Ltd,LGCAP,I0003,,10,S&P,PERKINELMER INC,PKI,714046109,0000031791,3826,334516
007985,01,000003,1985/06/30,,S&P 500 Comp-Ltd,LGCAP,I0003,,10,S&P,NORTHROP GRUMMAN CORP,NOC,666807102,0001133421,3812,334511
005742,01,000003,1985/07/31,,S&P 500 Comp-Ltd,LGCAP,I0003,,10,S&P,CENTERPOINT ENERGY INC,CNP,15189T107,0001130310,4931,22111
011672,01,000003,1985/09/30,,S&P 500 Comp-Ltd,LGCAP,I0003,,10,S&P,TJX COMPANIES INC,TJX,872540109,0000109198,5651,448140
004058,01,000003,1985/10/31,,S&P 500 Comp-Ltd,LGCAP,I0003,,10,S&P,DOVER CORP,DOV,260003108,0000029905,3585,333415
008358,01,000003,1985/11/30,,S&P 500 Comp-Ltd,LGCAP,I0003,,10,S&P,PARKER-HANNIFIN CORP,PH,701094104,0000076334,3490,332912
005878,01,000003,1986/02/28,,S&P 500 Comp-Ltd,LGCAP,I0003,,10,S&P,ILLINOIS TOOL WORKS,ITW,452308109,0000049826,3560,33399
006268,01,000003,1986/05/31,,S&P 500 Comp-Ltd,LGCAP,I0003,,10,S&P,JOHNSON CONTROLS INTL PLC,JCI,G51502105,0000833444,3585,333415
004990,01,000003,1986/08/31,,S&P 500 Comp-Ltd,LGCAP,I0003,,10,S&P,GAP INC,GPS,364760108,0000039911,5651,448140
007922,01,000003,1986/08/31,,S&P 500 Comp-Ltd,LGCAP,I0003,,10,S&P,NORDSTROM INC,JWN,655664100,0000072333,5651,448140
007228,01,000003,1986/10/31,,S&P 500 Comp-Ltd,LGCAP,I0003,,10,S&P,MEDTRONIC PLC,MDT,G5960L103,0001613103,3845,334510
002269,01,000003,1986/11/30,,S&P 500 Comp-Ltd,LGCAP,I0003,,10,S&P,BLOCK H & R INC,HRB,093671105,0000012659,7200,541213
010247,01,000003,1986/12/31,,S&P 500 Comp-Ltd,LGCAP,I0003,,10,S&P,SYSCO CORP,SYY,871829107,0000096021,5140,4244
007065,01,000003,1987/08/31,,S&P 500 Comp-Ltd,LGCAP,I0003,,10,S&P,MARSH & MCLENNAN COS,MMC,571748102,0000062709,6411,524210
001913,01,000003,1987/12/31,,S&P 500 Comp-Ltd,LGCAP,I0003,,10,S&P,AVERY DENNISON CORP,AVY,053611109,0000008818,2670,322220
005680,01,000003,1988/03/31,,S&P 500 Comp-Ltd,LGCAP,I0003,,10,S&P,HOME DEPOT INC,HD,437076102,0000354950,5211,444110
008245,01,000003,1988/04/30,,S&P 500 Comp-Ltd,LGCAP,I0003,,10,S&P,PNC FINANCIAL SVCS GROUP INC,PNC,693475105,0000713676,6020,522110
003243,01,000003,1988/05/31,,S&P 500 Comp-Ltd,LGCAP,I0003,,10,S&P,CITIGROUP INC,C,172967424,0000831001,6199,522110
010187,01,000003,1988/05/31,,S&P 500 Comp-Ltd,LGCAP,I0003,,10,S&P,SUNTRUST BANKS INC,STI,867914103,0000750556,6020,522110
007906,01,000003,1988/11/30,,S&P 500 Comp-Ltd,LGCAP,I0003,,10,S&P,NIKE INC,NKE,654106103,0000320187,3021,316210
004213,01,000003,1989/01/31,,S&P 500 Comp-Ltd,LGCAP,I0003,,10,S&P,ECOLAB INC,ECL,278865100,0000031462,2842,325612
007875,01,000003,1989/04/30,,S&P 500 Comp-Ltd,LGCAP,I0003,,10,S&P,NEWELL BRANDS INC,NWL,651229106,0000814453,3990,3399
010614,01,000003,1989/04/30,,S&P 500 Comp-Ltd,LGCAP,I0003,,10,S&P,TORCHMARK CORP,TMK,891027104,0000320335,6311,524113
012142,01,000003,1989/08/31,,S&P 500 Comp-Ltd,LGCAP,I0003,,10,S&P,ORACLE CORP,ORCL,68389X105,0001341439,7372,511210
001878,01,000003,1989/12/01,,S&P 500 Comp-Ltd,LGCAP,I0003,,10,S&P,AUTODESK INC,ADSK,052769106,0000769397,7370,519130
007017,01,000003,1991/05/01,,S&P 500 Comp-Ltd,LGCAP,I0003,,10,S&P,MARATHON OIL CORP,MRO,565849106,0000101778,1311,211111
010860,01,000003,1991/09/19,,S&P 500 Comp-Ltd,LGCAP,I0003,,10,S&P,AMEREN CORP,AEE,023608102,0001002910,4931,2211
001602,01,000003,1992/01/02,,S&P 500 Comp-Ltd,LGCAP,I0003,,10,S&P,AMGEN INC,AMGN,031162100,0000318154,2836,325414
025124,01,000003,1992/07/01,,S&P 500 Comp-Ltd,LGCAP,I0003,,10,S&P,LINDE PLC,LIN,G5494J103,0001707925,2810,325120
006136,01,000003,1992/10/01,,S&P 500 Comp-Ltd,LGCAP,I0003,,10,S&P,INTERPUBLIC GROUP OF COS,IPG,460690100,0000051644,7311,541810
029028,01,000003,1993/10/01,,S&P 500 Comp-Ltd,LGCAP,I0003,,10,S&P,COSTCO WHOLESALE CORP,COST,22160K105,0000909832,5399,452910
020779,01,000003,1993/12/01,,S&P 500 Comp-Ltd,LGCAP,I0003,,10,S&P,CISCO SYSTEMS INC,CSCO,17275R102,0000858877,3576,334210
029392,01,000003,1994/01/01,,S&P 500 Comp-Ltd,LGCAP,I0003,,10,S&P,EASTMAN CHEMICAL CO,EMN,277432100,0000915389,2821,325211
009783,01,000003,1994/03/01,,S&P 500 Comp-Ltd,LGCAP,I0003,,10,S&P,KEYCORP,KEY,493267108,0000091576,6020,522110
012726,01,000003,1994/03/01,,S&P 500 Comp-Ltd,LGCAP,I0003,,10,S&P,UNUM GROUP,UNM,91529Y106,0000005513,6321,524114
012141,01,000003,1994/06/01,,S&P 500 Comp-Ltd,LGCAP,I0003,,10,S&P,MICROSOFT CORP,MSFT,594918104,0000789019,7372,511210
009882,01,000003,1994/07/01,,S&P 500 Comp-Ltd,LGCAP,I0003,,10,S&P,SOUTHWEST AIRLINES,LUV,844741108,0000092380,4512,481111
010903,01,000003,1994/07/01,,S&P 500 Comp-Ltd,LGCAP,I0003,,10,S&P,UNITEDHEALTH GROUP INC,UNH,91324P102,0000731766,6324,524114
013714,03,000003,1994/09/01,,S&P 500 Comp-Ltd,LGCAP,I0003,,10,S&P,CBS CORP,CBS,124857202,0000813828,4888,515120
007343,01,000003,1994/09/27,,S&P 500 Comp-Ltd,LGCAP,I0003,,10,S&P,MICRON TECHNOLOGY INC,MU,595112103,0000723125,3674,334413
025279,01,000003,1995/02/24,,S&P 500 Comp-Ltd,LGCAP,I0003,,10,S&P,BOSTON SCIENTIFIC CORP,BSX,101137107,0000885725,3845,334510
001704,01,000003,1995/03/16,,S&P 500 Comp-Ltd,LGCAP,I0003,,10,S&P,APPLIED MATERIALS INC,AMAT,038222105,0000006951,3559,333242
002019,01,000003,1995/03/31,,S&P 500 Comp-Ltd,LGCAP,I0003,,10,S&P,BANK OF NEW YORK MELLON CORP,BK,064058100,0001390777,6020,522110
006781,01,000003,1995/05/10,,S&P 500 Comp-Ltd,LGCAP,I0003,,10,S&P,LOEWS CORP,L,540424108,0000060086,6331,524126
031846,01,000003,1995/05/30,,S&P 500 Comp-Ltd,LGCAP,I0003,,10,S&P,DARDEN RESTAURANTS INC,DRI,237194105,0000940944,5812,722511
028349,01,000003,1995/07/13,,S&P 500 Comp-Ltd,LGCAP,I0003,,10,S&P,ALLSTATE CORP,ALL,020002101,0000899051,6331,524126
014590,02,000003,1995/07/31,,S&P 500 Comp-Ltd,LGCAP,I0003,,10,S&P,FREEPORT-MCMORAN INC,FCX,35671D857,0000831259,1000,212234
012124,01,000003,1995/09/22,,S&P 500 Comp-Ltd,LGCAP,I0003,,10,S&P,MORGAN STANLEY,MS,617446448,0000895421,6211,523110
004611,02,000003,1995/11/08,,S&P 500 Comp-Ltd,LGCAP,I0003,,10,S&P,MACY'S INC,M,55616P104,0000794367,5311,452111
008455,01,000003,1995/11/27,,S&P 500 Comp-Ltd,LGCAP,I0003,,10,S&P,PPL CORP,PPL,69351T106,0000922224,4911,2211
003231,01,000003,1995/12/01,,S&P 500 Comp-Ltd,LGCAP,I0003,,10,S&P,COMERICA INC,CMA,200340107,0000028412,6020,522110
027914,01,000003,1995/12/01,,S&P 500 Comp-Ltd,LGCAP,I0003,,10,S&P,HUMANA INC,HUM,444859102,0000049071,6324,621491
061739,01,000003,1995/12/20,,S&P 500 Comp-Ltd,LGCAP,I0003,,10,S&P,HARTFORD FINANCIAL SERVICES,HIG,416515104,0000874766,6331,524126
004640,01,000003,1996/03/08,,S&P 500 Comp-Ltd,LGCAP,I0003,,10,S&P,FIFTH THIRD BANCORP,FITB,316773100,0000035527,6020,522110
003221,01,000003,1996/04/23,,S&P 500 Comp-Ltd,LGCAP,I0003,,10,S&P,AON PLC,AON,G0408V102,0000315293,6411,524210
010530,01,000003,1997/01/02,,S&P 500 Comp-Ltd,LGCAP,I0003,,10,S&P,THERMO FISHER SCIENTIFIC INC,TMO,883556102,0000097745,3826,334516
023809,01,000003,1997/01/02,,S&P 500 Comp-Ltd,LGCAP,I0003,,10,S&P,AUTOZONE INC,AZO,053332102,0000866787,5531,441310
012540,01,000003,1997/05/06,,S&P 500 Comp-Ltd,LGCAP,I0003,,10,S&P,ADOBE INC,ADBE,00724F101,0000796343,7372,511210
002751,01,000003,1997/05/27,,S&P 500 Comp-Ltd,LGCAP,I0003,,10,S&P,CARDINAL HEALTH INC,CAH,14149Y108,0000721371,5122,424210
013988,01,000003,1997/06/02,,S&P 500 Comp-Ltd,LGCAP,I0003,,10,S&P,SCHWAB (CHARLES) CORP,SCHW,808513105,0000316709,6282,523920
004423,01,000003,1997/06/19,,S&P 500 Comp-Ltd,LGCAP,I0003,,10,S&P,EQUIFAX INC,EFX,294429105,0000033185,7323,561450
001678,01,000003,1997/07/28,,S&P 500 Comp-Ltd,LGCAP,I0003,,10,S&P,APACHE CORP,APA,037411105,0000006769,1311,211111
011923,01,000003,1997/07/28,,S&P 500 Comp-Ltd,LGCAP,I0003,,10,S&P,ANADARKO PETROLEUM CORP,APC,032511107,0000773910,1311,211111
013341,01,000003,1997/08/04,,S&P 500 Comp-Ltd,LGCAP,I0003,,10,S&P,PROGRESSIVE CORP-OHIO,PGR,743315103,0000080661,6331,524126
005786,01,000003,1997/08/06,,S&P 500 Comp-Ltd,LGCAP,I0003,,10,S&P,HUNTINGTON BANCSHARES,HBAN,446150104,0000049196,6020,522110
010035,01,000003,1997/08/18,,S&P 500 Comp-Ltd,LGCAP,I0003,,10,S&P,STATE STREET CORP,STT,857477103,0000093751,6020,523920
006304,01,000003,1997/09/15,,S&P 500 Comp-Ltd,LGCAP,I0003,,10,S&P,KLA-TENCOR CORP,KLAC,482480100,0000319201,3827,333314
065417,01,000003,1997/10/07,,S&P 500 Comp-Ltd,LGCAP,I0003,,10,S&P,YUM BRANDS INC,YUM,988498101,0001041061,5812,722513
011856,01,000003,1997/12/04,,S&P 500 Comp-Ltd,LGCAP,I0003,,10,S&P,BB&T CORP,BBT,054937107,0000092230,6020,522110
014824,01,000003,1997/12/18,,S&P 500 Comp-Ltd,LGCAP,I0003,,10,S&P,CINCINNATI FINANCIAL CORP,CINF,172062101,0000020286,6331,524126
004066,01,000003,1997/12/24,,S&P 500 Comp-Ltd,LGCAP,I0003,,10,S&P,OMNICOM GROUP,OMC,681919106,0000029989,7311,541810
007982,01,000003,1998/01/30,,S&P 500 Comp-Ltd,LGCAP,I0003,,10,S&P,NORTHERN TRUST CORP,NTRS,665859104,0000073124,6020,522110
009555,01,000003,1998/04/01,,S&P 500 Comp-Ltd,LGCAP,I0003,,10,S&P,SEALED AIR CORP,SEE,81211K100,0001012100,3081,326113
004885,01,000003,1998/04/29,,S&P 500 Comp-Ltd,LGCAP,I0003,,10,S&P,FRANKLIN RESOURCES INC,BEN,354613101,0000038777,6282,523920
028930,02,000003,1998/05/21,,S&P 500 Comp-Ltd,LGCAP,I0003,,10,S&P,MARRIOTT INTL INC,MAR,571903202,0001048286,7011,721110
030990,01,000003,1998/07/01,,S&P 500 Comp-Ltd,LGCAP,I0003,,10,S&P,CAPITAL ONE FINANCIAL CORP,COF,14040H105,0000927628,6141,522210
014477,01,000003,1998/07/17,,S&P 500 Comp-Ltd,LGCAP,I0003,,10,S&P,WASTE MANAGEMENT INC,WM,94106L109,0000823768,4953,562111
025283,01,000003,1998/08/14,,S&P 500 Comp-Ltd,LGCAP,I0003,,10,S&P,KOHL'S CORP,KSS,500255104,0000885639,5311,452111
004674,01,000003,1998/08/28,,S&P 500 Comp-Ltd,LGCAP,I0003,,10,S&P,REGIONS FINANCIAL CORP,RF,7591EP100,0001281761,6020,522110
008402,01,000003,1998/10/01,,S&P 500 Comp-Ltd,LGCAP,I0003,,10,S&P,PAYCHEX INC,PAYX,704326107,0000723531,8721,541214
024216,01,000003,1998/10/02,,S&P 500 Comp-Ltd,LGCAP,I0003,,10,S&P,AES CORP,AES,00130H105,0000874761,4991,22111
003735,01,000003,1998/11/18,,S&P 500 Comp-Ltd,LGCAP,I0003,,10,S&P,DANAHER CORP,DHR,235851102,0000313616,3826,334516
013498,01,000003,1998/12/22,,S&P 500 Comp-Ltd,LGCAP,I0003,,10,S&P,CARNIVAL CORP/PLC (USA),CCL,143658300,0000815097,4400,483112
