PERMNO,date,NAMEENDT,SHRCD,EXCHCD,SICCD,NCUSIP,TICKER,COMNAM,SHRCLS,TSYMBOL,NAICS,PRIMEXCH,TRDSTAT,SECSTAT,PERMCO,ISSUNO,HEXCD,HSICCD,CUSIP,DCLRDT,DLAMT,DLPDT,DLSTCD,NEXTDT,PAYDT,RCRDDT,SHRFLG,HSICMG,HSICIG,DISTCD,DIVAMT,FACPR,FACSHR,ACPERM,ACCOMP,NWPERM,DLRETX,DLPRC,DLRET,TRTSCD,NMSIND,MMCNT,NSDINX,BIDLO,ASKHI,PRC,VOL,RET,BID,ASK,SHROUT,CFACPR,CFACSHR,OPENPRC,NUMTRD,RETX,vwretd,vwretx,ewretd,ewretx,sprtrn
91392,2018/06/01,2018/12/31,11,1,7011,98310W10,WYND,WYNDHAM DESTINATIONS INC,,WYND,721110,N,A,R,50965,0,1,7011,98310W10,2018/05/09,,,,,2018/05/31,2018/05/18,2.000,70.000,701.000,3763.000,61.400,1.261,0.000,17794,56358,,,,,,,,,48.570,50.850,48.710,5745139.000,0.015400,48.780,48.890,99783.000,1.000,1.000,50.650,,0.015400,0.010,0.010,0.006,0.006,0.011
91392,2018/06/04,,11,1,7011,98310W10,WYND,WYNDHAM DESTINATIONS INC,,WYND,721110,N,A,R,50965,0,1,7011,98310W10,,,,,,,,,70.000,701.000,,,,,,,,,,,,,,,47.210,49.870,49.680,4966410.000,0.019914,49.710,49.720,99783.000,1.000,1.000,48.760,,0.019914,0.005,0.005,0.002,0.002,0.004
91392,2018/06/05,,11,1,7011,98310W10,WYND,WYNDHAM DESTINATIONS INC,,WYND,721110,N,A,R,50965,0,1,7011,98310W10,,,,,,,,,70.000,701.000,,,,,,,,,,,,,,,48.310,49.450,49.010,3127438.000,-0.013486,49.010,49.020,99783.000,1.000,1.000,49.290,,-0.013486,0.001,0.001,0.004,0.004,0.001
91392,2018/06/06,,11,1,7011,98310W10,WYND,WYNDHAM DESTINATIONS INC,,WYND,721110,N,A,R,50965,0,1,7011,98310W10,,,,,,,,,70.000,701.000,,,,,,,,,,,,,,,48.060,49.220,48.940,3270844.000,-0.001428,48.960,48.970,99783.000,1.000,1.000,49.060,,-0.001428,0.008,0.008,0.004,0.004,0.009
91392,2018/06/07,,11,1,7011,98310W10,WYND,WYNDHAM DESTINATIONS INC,,WYND,721110,N,A,R,50965,0,1,7011,98310W10,,,,,,,,,70.000,701.000,,,,,,,,,,,,,,,48.490,49.930,49.740,2817316.000,0.016347,49.730,49.740,99783.000,1.000,1.000,48.990,,0.016347,-0.001,-0.001,-0.001,-0.001,-0.001
91392,2018/06/08,,11,1,7011,98310W10,WYND,WYNDHAM DESTINATIONS INC,,WYND,721110,N,A,R,50965,0,1,7011,98310W10,,,,,,,,,70.000,701.000,,,,,,,,,,,,,,,48.220,50.490,48.240,1982707.000,-0.030157,48.230,48.240,99783.000,1.000,1.000,49.910,,-0.030157,0.003,0.003,0.002,0.002,0.003
91392,2018/06/11,,11,1,7011,98310W10,WYND,WYNDHAM DESTINATIONS INC,,WYND,721110,N,A,R,50965,0,1,7011,98310W10,,,,,,,,,70.000,701.000,,,,,,,,,,,,,,,48.260,48.950,48.590,1692100.000,0.007255,48.590,48.600,99783.000,1.000,1.000,48.330,,0.007255,0.002,0.002,0.003,0.003,0.001
91392,2018/06/12,,11,1,7011,98310W10,WYND,WYNDHAM DESTINATIONS INC,,WYND,721110,N,A,R,50965,0,1,7011,98310W10,,,,,,,,,70.000,701.000,,,,,,,,,,,,,,,48.120,48.925,48.190,2259062.000,-0.008232,48.160,48.180,99783.000,1.000,1.000,48.540,,-0.008232,0.002,0.002,0.002,0.002,0.002
91392,2018/06/13,,11,1,7011,98310W10,WYND,WYNDHAM DESTINATIONS INC,,WYND,721110,N,A,R,50965,0,1,7011,98310W10,,,,,,,,,70.000,701.000,,,,,,,,,,,,,,,47.740,48.620,47.900,1831593.000,-0.006018,47.900,47.910,99783.000,1.000,1.000,48.340,,-0.006018,-0.004,-0.004,-0.003,-0.003,-0.004
91392,2018/06/14,,11,1,7011,98310W10,WYND,WYNDHAM DESTINATIONS INC,,WYND,721110,N,A,R,50965,0,1,7011,98310W10,2018/05/17,,,,,2018/06/29,2018/06/15,2.000,70.000,701.000,1232.000,0.410,0.000,0.000,,,,,,,,,,,47.840,48.420,48.280,1879573.000,0.016493,48.280,48.290,99783.000,1.000,1.000,47.960,,0.007933,0.003,0.002,0.002,0.002,0.002
91392,2018/06/15,,11,1,7011,98310W10,WYND,WYNDHAM DESTINATIONS INC,,WYND,721110,N,A,R,50965,0,1,7011,98310W10,,,,,,,,,70.000,701.000,,,,,,,,,,,,,,,48.010,49.310,49.250,3123344.000,0.020091,49.250,49.260,99783.000,1.000,1.000,48.200,,0.020091,-0.002,-0.002,-0.002,-0.002,-0.001
91392,2018/06/18,,11,1,7011,98310W10,WYND,WYNDHAM DESTINATIONS INC,,WYND,721110,N,A,R,50965,0,1,7011,98310W10,,,,,,,,,70.000,701.000,,,,,,,,,,,,,,,48.460,49.210,48.620,1397446.000,-0.012792,48.620,48.630,99783.000,1.000,1.000,49.110,,-0.012792,-0.001,-0.001,0.001,0.001,-0.002
91392,2018/06/19,,11,1,7011,98310W10,WYND,WYNDHAM DESTINATIONS INC,,WYND,721110,N,A,R,50965,0,1,7011,98310W10,,,,,,,,,70.000,701.000,,,,,,,,,,,,,,,47.540,48.590,48.210,1184769.000,-0.008433,48.200,48.210,99783.000,1.000,1.000,48.400,,-0.008433,-0.004,-0.004,-0.003,-0.003,-0.004
91392,2018/06/20,,11,1,7011,98310W10,WYND,WYNDHAM DESTINATIONS INC,,WYND,721110,N,A,R,50965,0,1,7011,98310W10,,,,,,,,,70.000,701.000,,,,,,,,,,,,,,,46.770,48.320,46.900,2022344.000,-0.027173,46.930,46.950,99783.000,1.000,1.000,48.210,,-0.027173,0.003,0.003,0.006,0.005,0.002
91392,2018/06/21,,11,1,7011,98310W10,WYND,WYNDHAM DESTINATIONS INC,,WYND,721110,N,A,R,50965,0,1,7011,98310W10,,,,,,,,,70.000,701.000,,,,,,,,,,,,,,,46.790,47.480,47.000,1309119.000,0.002132,47.000,47.010,99783.000,1.000,1.000,46.950,,0.002132,-0.007,-0.007,-0.008,-0.008,-0.006
91392,2018/06/22,,11,1,7011,98310W10,WYND,WYNDHAM DESTINATIONS INC,,WYND,721110,N,A,R,50965,0,1,7011,98310W10,,,,,,,,,70.000,701.000,,,,,,,,,,,,,,,46.180,47.200,46.690,1921075.000,-0.006596,46.680,46.690,99783.000,1.000,1.000,47.000,,-0.006596,0.002,0.002,0.004,0.004,0.002
91392,2018/06/25,,11,1,7011,98310W10,WYND,WYNDHAM DESTINATIONS INC,,WYND,721110,N,A,R,50965,0,1,7011,98310W10,,,,,,,,,70.000,701.000,,,,,,,,,,,,,,,45.570,46.730,45.910,1701314.000,-0.016706,45.890,45.900,99783.000,1.000,1.000,46.370,,-0.016706,-0.014,-0.014,-0.012,-0.012,-0.014
91392,2018/06/26,,11,1,7011,98310W10,WYND,WYNDHAM DESTINATIONS INC,,WYND,721110,N,A,R,50965,0,1,7011,98310W10,,,,,,,,,70.000,701.000,,,,,,,,,,,,,,,45.180,46.470,45.630,1921296.000,-0.006099,45.610,45.630,99783.000,1.000,1.000,46.030,,-0.006099,0.003,0.003,0.004,0.004,0.002
91392,2018/06/27,,11,1,7011,98310W10,WYND,WYNDHAM DESTINATIONS INC,,WYND,721110,N,A,R,50965,0,1,7011,98310W10,,,,,,,,,70.000,701.000,,,,,,,,,,,,,,,44.740,45.920,44.850,1172981.000,-0.017094,44.840,44.850,99783.000,1.000,1.000,45.490,,-0.017094,-0.010,-0.010,-0.011,-0.011,-0.009
91392,2018/06/28,,11,1,7011,98310W10,WYND,WYNDHAM DESTINATIONS INC,,WYND,721110,N,A,R,50965,0,1,7011,98310W10,,,,,,,,,70.000,701.000,,,,,,,,,,,,,,,43.760,45.200,44.280,2075299.000,-0.012709,44.270,44.280,99783.000,1.000,1.000,44.800,,-0.012709,0.006,0.005,0.001,0.001,0.006
91392,2018/06/29,,11,1,7011,98310W10,WYND,WYNDHAM DESTINATIONS INC,,WYND,721110,N,A,R,50965,0,1,7011,98310W10,,,,,,,,0.000,70.000,701.000,,,,,,,,,,,,,,,43.930,44.535,44.270,2821240.000,-0.000226,44.270,44.280,99512.000,1.000,1.000,44.410,,-0.000226,0.002,0.002,0.003,0.003,0.001
91392,2018/07/02,,11,1,7011,98310W10,WYND,WYNDHAM DESTINATIONS INC,,WYND,721110,N,A,R,50965,0,1,7011,98310W10,,,,,,,,,70.000,701.000,,,,,,,,,,,,,,,43.370,44.200,43.860,2174147.000,-0.009261,43.850,43.860,99512.000,1.000,1.000,43.980,,-0.009261,0.002,0.002,0.001,0.001,0.003
91392,2018/07/03,,11,1,7011,98310W10,WYND,WYNDHAM DESTINATIONS INC,,WYND,721110,N,A,R,50965,0,1,7011,98310W10,,,,,,,,,70.000,701.000,,,,,,,,,,,,,,,43.730,44.450,43.840,865909.000,-0.000456,43.790,43.810,99512.000,1.000,1.000,43.880,,-0.000456,-0.003,-0.003,0.003,0.003,-0.005
91392,2018/07/05,,11,1,7011,98310W10,WYND,WYNDHAM DESTINATIONS INC,,WYND,721110,N,A,R,50965,0,1,7011,98310W10,,,,,,,,,70.000,701.000,,,,,,,,,,,,,,,43.260,44.220,44.100,1465024.000,0.005931,44.110,44.120,99512.000,1.000,1.000,44.020,,0.005931,0.009,0.008,0.007,0.007,0.009
91392,2018/07/06,,11,1,7011,98310W10,WYND,WYNDHAM DESTINATIONS INC,,WYND,721110,N,A,R,50965,0,1,7011,98310W10,,,,,,,,,70.000,701.000,,,,,,,,,,,,,,,44.070,45.100,44.770,1253518.000,0.015193,44.740,44.760,99512.000,1.000,1.000,44.250,,0.015193,0.008,0.008,0.006,0.006,0.008
91392,2018/07/09,,11,1,7011,98310W10,WYND,WYNDHAM DESTINATIONS INC,,WYND,721110,N,A,R,50965,0,1,7011,98310W10,,,,,,,,,70.000,701.000,,,,,,,,,,,,,,,44.850,45.650,45.500,1659535.000,0.016306,45.480,45.490,99512.000,1.000,1.000,44.970,,0.016306,0.008,0.008,0.006,0.006,0.009
91392,2018/07/10,,11,1,7011,98310W10,WYND,WYNDHAM DESTINATIONS INC,,WYND,721110,N,A,R,50965,0,1,7011,98310W10,,,,,,,,,70.000,701.000,,,,,,,,,,,,,,,45.395,45.900,45.630,1523401.000,0.002857,45.630,45.640,99512.000,1.000,1.000,45.550,,0.002857,0.002,0.002,-0.002,-0.002,0.003
91392,2018/07/11,,11,1,7011,98310W10,WYND,WYNDHAM DESTINATIONS INC,,WYND,721110,N,A,R,50965,0,1,7011,98310W10,,,,,,,,,70.000,701.000,,,,,,,,,,,,,,,45.130,45.520,45.150,847115.000,-0.010519,45.140,45.150,99512.000,1.000,1.000,45.400,,-0.010519,-0.007,-0.007,-0.007,-0.007,-0.007
91392,2018/07/12,,11,1,7011,98310W10,WYND,WYNDHAM DESTINATIONS INC,,WYND,721110,N,A,R,50965,0,1,7011,98310W10,,,,,,,,,70.000,701.000,,,,,,,,,,,,,,,44.770,45.470,44.960,894240.000,-0.004208,44.950,44.960,99512.000,1.000,1.000,45.390,,-0.004208,0.008,0.008,0.004,0.004,0.009
91392,2018/07/13,,11,1,7011,98310W10,WYND,WYNDHAM DESTINATIONS INC,,WYND,721110,N,A,R,50965,0,1,7011,98310W10,,,,,,,,,70.000,701.000,,,,,,,,,,,,,,,44.740,45.260,45.080,1006878.000,0.002669,45.060,45.070,99512.000,1.000,1.000,44.850,,0.002669,0.001,0.001,-0.001,-0.001,0.001
91392,2018/07/16,,11,1,7011,98310W10,WYND,WYNDHAM DESTINATIONS INC,,WYND,721110,N,A,R,50965,0,1,7011,98310W10,,,,,,,,,70.000,701.000,,,,,,,,,,,,,,,45.000,45.900,45.630,1596477.000,0.012201,45.610,45.620,99512.000,1.000,1.000,45.430,,0.012201,-0.002,-0.002,-0.005,-0.005,-0.001
91392,2018/07/17,,11,1,7011,98310W10,WYND,WYNDHAM DESTINATIONS INC,,WYND,721110,N,A,R,50965,0,1,7011,98310W10,,,,,,,,,70.000,701.000,,,,,,,,,,,,,,,45.440,46.420,46.220,1430499.000,0.012930,46.200,46.210,99512.000,1.000,1.000,45.600,,0.012930,0.004,0.004,0.003,0.003,0.004
91392,2018/07/18,,11,1,7011,98310W10,WYND,WYNDHAM DESTINATIONS INC,,WYND,721110,N,A,R,50965,0,1,7011,98310W10,,,,,,,,,70.000,701.000,,,,,,,,,,,,,,,46.200,46.980,46.890,1017259.000,0.014496,46.890,46.900,99512.000,1.000,1.000,46.530,,0.014496,0.002,0.002,0.002,0.002,0.002
91392,2018/07/19,,11,1,7011,98310W10,WYND,WYNDHAM DESTINATIONS INC,,WYND,721110,N,A,R,50965,0,1,7011,98310W10,,,,,,,,,70.000,701.000,,,,,,,,,,,,,,,46.480,47.170,47.020,1455437.000,0.002772,47.020,47.030,99512.000,1.000,1.000,46.730,,0.002772,-0.002,-0.003,0.001,0.001,-0.004
91392,2018/07/20,,11,1,7011,98310W10,WYND,WYNDHAM DESTINATIONS INC,,WYND,721110,N,A,R,50965,0,1,7011,98310W10,,,,,,,,,70.000,701.000,,,,,,,,,,,,,,,46.800,47.350,46.860,1063819.000,-0.003403,46.850,46.860,99512.000,1.000,1.000,46.880,,-0.003403,-0.001,-0.001,-0.001,-0.001,-0.001
91392,2018/07/23,,11,1,7011,98310W10,WYND,WYNDHAM DESTINATIONS INC,,WYND,721110,N,A,R,50965,0,1,7011,98310W10,,,,,,,,,70.000,701.000,,,,,,,,,,,,,,,46.320,46.970,46.350,1212419.000,-0.010884,46.360,46.370,99512.000,1.000,1.000,46.820,,-0.010884,0.001,0.001,-0.001,-0.001,0.002
91392,2018/07/24,,11,1,7011,98310W10,WYND,WYNDHAM DESTINATIONS INC,,WYND,721110,N,A,R,50965,0,1,7011,98310W10,,,,,,,,,70.000,701.000,,,,,,,,,,,,,,,45.550,46.520,45.680,1403031.000,-0.014455,45.670,45.680,99512.000,1.000,1.000,46.130,,-0.014455,0.002,0.002,-0.004,-0.004,0.005
91392,2018/07/25,,11,1,7011,98310W10,WYND,WYNDHAM DESTINATIONS INC,,WYND,721110,N,A,R,50965,0,1,7011,98310W10,,,,,,,,,70.000,701.000,,,,,,,,,,,,,,,44.800,45.650,45.600,1362403.000,-0.001751,45.600,45.610,99512.000,1.000,1.000,45.540,,-0.001751,0.008,0.008,0.003,0.003,0.009
91392,2018/07/26,,11,1,7011,98310W10,WYND,WYNDHAM DESTINATIONS INC,,WYND,721110,N,A,R,50965,0,1,7011,98310W10,,,,,,,,,70.000,701.000,,,,,,,,,,,,,,,45.350,46.750,46.040,1541808.000,0.009649,46.030,46.040,99512.000,1.000,1.000,45.460,,0.009649,-0.002,-0.002,0.002,0.002,-0.003
91392,2018/07/27,,11,1,7011,98310W10,WYND,WYNDHAM DESTINATIONS INC,,WYND,721110,N,A,R,50965,0,1,7011,98310W10,,,,,,,,,70.000,701.000,,,,,,,,,,,,,,,45.530,46.500,45.710,489389.000,-0.007168,45.710,45.720,99512.000,1.000,1.000,46.270,,-0.007168,-0.008,-0.008,-0.011,-0.011,-0.007
91392,2018/07/30,,11,1,7011,98310W10,WYND,WYNDHAM DESTINATIONS INC,,WYND,721110,N,A,R,50965,0,1,7011,98310W10,,,,,,,,,70.000,701.000,,,,,,,,,,,,,,,45.450,45.930,45.520,527804.000,-0.004157,45.520,45.530,99512.000,1.000,1.000,45.620,,-0.004157,-0.006,-0.006,-0.004,-0.004,-0.006
91392,2018/07/31,,11,1,7011,98310W10,WYND,WYNDHAM DESTINATIONS INC,,WYND,721110,N,A,R,50965,0,1,7011,98310W10,,,,,,,,0.000,70.000,701.000,,,,,,,,,,,,,,,45.560,46.250,46.120,908450.000,0.013181,46.120,46.130,99512.000,1.000,1.000,45.560,,0.013181,0.006,0.005,0.005,0.005,0.005
91392,2018/08/01,,11,1,7011,98310W10,WYND,WYNDHAM DESTINATIONS INC,,WYND,721110,N,A,R,50965,0,1,7011,98310W10,,,,,,,,,70.000,701.000,,,,,,,,,,,,,,,45.520,46.430,46.200,983399.000,0.001735,46.190,46.200,99512.000,1.000,1.000,46.120,,0.001735,-0.001,-0.001,-0.002,-0.002,-0.001
91392,2018/08/02,,11,1,7011,98310W10,WYND,WYNDHAM DESTINATIONS INC,,WYND,721110,N,A,R,50965,0,1,7011,98310W10,,,,,,,,,70.000,701.000,,,,,,,,,,,,,,,45.430,46.510,46.420,886737.000,0.004762,46.420,46.430,99512.000,1.000,1.000,45.760,,0.004762,0.006,0.005,0.002,0.002,0.005
91392,2018/08/03,,11,1,7011,98310W10,WYND,WYNDHAM DESTINATIONS INC,,WYND,721110,N,A,R,50965,0,1,7011,98310W10,,,,,,,,,70.000,701.000,,,,,,,,,,,,,,,46.260,46.930,46.470,1002519.000,0.001077,46.470,46.480,99512.000,1.000,1.000,46.500,,0.001077,0.003,0.003,-0.001,-0.001,0.005
91392,2018/08/06,,11,1,7011,98310W10,WYND,WYNDHAM DESTINATIONS INC,,WYND,721110,N,A,R,50965,0,1,7011,98310W10,,,,,,,,,70.000,701.000,,,,,,,,,,,,,,,46.000,46.810,46.570,1242289.000,0.002152,46.550,46.560,99512.000,1.000,1.000,46.480,,0.002152,0.004,0.004,0.003,0.003,0.004
91392,2018/08/07,,11,1,7011,98310W10,WYND,WYNDHAM DESTINATIONS INC,,WYND,721110,N,A,R,50965,0,1,7011,98310W10,,,,,,,,,70.000,701.000,,,,,,,,,,,,,,,45.650,46.570,45.720,1294558.000,-0.018252,45.720,45.730,99512.000,1.000,1.000,46.470,,-0.018252,0.002,0.002,0.002,0.002,0.003
91392,2018/08/08,,11,1,7011,98310W10,WYND,WYNDHAM DESTINATIONS INC,,WYND,721110,N,A,R,50965,0,1,7011,98310W10,,,,,,,,,70.000,701.000,,,,,,,,,,,,,,,43.390,46.795,43.920,2248015.000,-0.039370,43.920,43.970,99512.000,1.000,1.000,46.010,,-0.039370,-0.000,-0.000,-0.001,-0.001,-0.000
91392,2018/08/09,,11,1,7011,98310W10,WYND,WYNDHAM DESTINATIONS INC,,WYND,721110,N,A,R,50965,0,1,7011,98310W10,,,,,,,,,70.000,701.000,,,,,,,,,,,,,,,43.820,44.530,44.340,1209723.000,0.009563,44.340,44.350,99512.000,1.000,1.000,43.910,,0.009563,-0.000,-0.001,0.002,0.002,-0.001
91392,2018/08/10,,11,1,7011,98310W10,WYND,WYNDHAM DESTINATIONS INC,,WYND,721110,N,A,R,50965,0,1,7011,98310W10,,,,,,,,,70.000,701.000,,,,,,,,,,,,,,,44.170,44.560,44.320,1299008.000,-0.000451,44.330,44.340,99512.000,1.000,1.000,44.350,,-0.000451,-0.006,-0.007,-0.005,-0.005,-0.007
91392,2018/08/13,,11,1,7011,98310W10,WYND,WYNDHAM DESTINATIONS INC,,WYND,721110,N,A,R,50965,0,1,7011,98310W10,,,,,,,,,70.000,701.000,,,,,,,,,,,,,,,43.380,44.410,43.560,1451355.000,-0.017148,43.550,43.560,99512.000,1.000,1.000,44.300,,-0.017148,-0.005,-0.005,-0.006,-0.006,-0.004
91392,2018/08/14,,11,1,7011,98310W10,WYND,WYNDHAM DESTINATIONS INC,,WYND,721110,N,A,R,50965,0,1,7011,98310W10,,,,,,,,,70.000,701.000,,,,,,,,,,,,,,,43.650,44.560,44.460,915555.000,0.020661,44.460,44.470,99512.000,1.000,1.000,43.700,,0.020661,0.007,0.006,0.004,0.004,0.006
91392,2018/08/15,,11,1,7011,98310W10,WYND,WYNDHAM DESTINATIONS INC,,WYND,721110,N,A,R,50965,0,1,7011,98310W10,,,,,,,,,70.000,701.000,,,,,,,,,,,,,,,43.630,44.390,44.390,976394.000,-0.001574,44.380,44.390,99512.000,1.000,1.000,44.120,,-0.001574,-0.009,-0.009,-0.012,-0.013,-0.008
91392,2018/08/16,,11,1,7011,98310W10,WYND,WYNDHAM DESTINATIONS INC,,WYND,721110,N,A,R,50965,0,1,7011,98310W10,,,,,,,,,70.000,701.000,,,,,,,,,,,,,,,44.570,45.280,44.860,1226922.000,0.010588,44.850,44.860,99512.000,1.000,1.000,44.610,,0.010588,0.008,0.008,0.007,0.007,0.008
91392,2018/08/17,,11,1,7011,98310W10,WYND,WYNDHAM DESTINATIONS INC,,WYND,721110,N,A,R,50965,0,1,7011,98310W10,,,,,,,,,70.000,701.000,,,,,,,,,,,,,,,44.600,44.970,44.880,695535.000,0.000446,44.870,44.880,99512.000,1.000,1.000,44.670,,0.000446,0.004,0.004,0.004,0.004,0.003
91392,2018/08/20,,11,1,7011,98310W10,WYND,WYNDHAM DESTINATIONS INC,,WYND,721110,N,A,R,50965,0,1,7011,98310W10,,,,,,,,,70.000,701.000,,,,,,,,,,,,,,,44.900,45.280,45.190,766762.000,0.006907,45.180,45.190,99512.000,1.000,1.000,45.000,,0.006907,0.003,0.003,0.004,0.004,0.002
91392,2018/08/21,,11,1,7011,98310W10,WYND,WYNDHAM DESTINATIONS INC,,WYND,721110,N,A,R,50965,0,1,7011,98310W10,,,,,,,,,70.000,701.000,,,,,,,,,,,,,,,45.100,45.415,45.240,1005347.000,0.001107,45.230,45.240,99512.000,1.000,1.000,45.130,,0.001107,0.003,0.003,0.006,0.006,0.002
91392,2018/08/22,,11,1,7011,98310W10,WYND,WYNDHAM DESTINATIONS INC,,WYND,721110,N,A,R,50965,0,1,7011,98310W10,,,,,,,,,70.000,701.000,,,,,,,,,,,,,,,44.700,45.380,44.750,870651.000,-0.010831,44.740,44.750,99512.000,1.000,1.000,45.160,,-0.010831,0.001,0.001,0.004,0.004,-0.000
91392,2018/08/23,,11,1,7011,98310W10,WYND,WYNDHAM DESTINATIONS INC,,WYND,721110,N,A,R,50965,0,1,7011,98310W10,,,,,,,,,70.000,701.000,,,,,,,,,,,,,,,44.010,44.840,44.070,785888.000,-0.015196,44.080,44.090,99512.000,1.000,1.000,44.830,,-0.015196,-0.002,-0.002,-0.003,-0.003,-0.002
91392,2018/08/24,,11,1,7011,98310W10,WYND,WYNDHAM DESTINATIONS INC,,WYND,721110,N,A,R,50965,0,1,7011,98310W10,,,,,,,,,70.000,701.000,,,,,,,,,,,,,,,43.890,44.410,44.000,1157499.000,-0.001588,44.020,44.030,99512.000,1.000,1.000,43.980,,-0.001588,0.006,0.006,0.006,0.006,0.006
91392,2018/08/27,,11,1,7011,98310W10,WYND,WYNDHAM DESTINATIONS INC,,WYND,721110,N,A,R,50965,0,1,7011,98310W10,,,,,,,,,70.000,701.000,,,,,,,,,,,,,,,43.800,44.700,44.170,1883347.000,0.003864,44.150,44.160,99512.000,1.000,1.000,44.200,,0.003864,0.007,0.007,0.004,0.004,0.008
91392,2018/08/28,,11,1,7011,98310W10,WYND,WYNDHAM DESTINATIONS INC,,WYND,721110,N,A,R,50965,0,1,7011,98310W10,,,,,,,,,70.000,701.000,,,,,,,,,,,,,,,44.060,44.750,44.440,1372294.000,0.006113,44.440,44.450,99512.000,1.000,1.000,44.320,,0.006113,0.000,-0.000,0.001,0.000,0.000
91392,2018/08/29,,11,1,7011,98310W10,WYND,WYNDHAM DESTINATIONS INC,,WYND,721110,N,A,R,50965,0,1,7011,98310W10,,,,,,,,,70.000,701.000,,,,,,,,,,,,,,,44.230,44.880,44.460,861348.000,0.000450,44.460,44.470,99512.000,1.000,1.000,44.290,,0.000450,0.005,0.005,0.005,0.005,0.006
91392,2018/08/30,,11,1,7011,98310W10,WYND,WYNDHAM DESTINATIONS INC,,WYND,721110,N,A,R,50965,0,1,7011,98310W10,,,,,,,,,70.000,701.000,,,,,,,,,,,,,,,44.050,44.600,44.100,619097.000,-0.008097,44.100,44.110,99512.000,1.000,1.000,44.410,,-0.008097,-0.004,-0.005,-0.004,-0.004,-0.004
91392,2018/08/31,,11,1,7011,98310W10,WYND,WYNDHAM DESTINATIONS INC,,WYND,721110,N,A,R,50965,0,1,7011,98310W10,,,,,,,,0.000,70.000,701.000,,,,,,,,,,,,,,,43.820,44.360,44.200,929276.000,0.002268,44.190,44.200,99419.000,1.000,1.000,44.000,,0.002268,0.000,0.000,0.003,0.003,0.000
91392,2018/09/04,,11,1,7011,98310W10,WYND,WYNDHAM DESTINATIONS INC,,WYND,721110,N,A,R,50965,0,1,7011,98310W10,,,,,,,,,70.000,701.000,,,,,,,,,,,,,,,43.860,44.370,44.070,1019091.000,-0.002941,44.070,44.090,99419.000,1.000,1.000,44.110,,-0.002941,-0.002,-0.002,-0.003,-0.003,-0.002
91392,2018/09/05,,11,1,7011,98310W10,WYND,WYNDHAM DESTINATIONS INC,,WYND,721110,N,A,R,50965,0,1,7011,98310W10,,,,,,,,,70.000,701.000,,,,,,,,,,,,,,,42.280,43.740,42.730,2538697.000,-0.030406,42.730,42.740,99419.000,1.000,1.000,43.500,,-0.030406,-0.004,-0.004,-0.004,-0.004,-0.003
91392,2018/09/06,,11,1,7011,98310W10,WYND,WYNDHAM DESTINATIONS INC,,WYND,721110,N,A,R,50965,0,1,7011,98310W10,,,,,,,,,70.000,701.000,,,,,,,,,,,,,,,41.350,42.890,41.680,1867748.000,-0.024573,41.680,41.690,99419.000,1.000,1.000,42.660,,-0.024573,-0.004,-0.004,-0.005,-0.005,-0.004
91392,2018/09/07,,11,1,7011,98310W10,WYND,WYNDHAM DESTINATIONS INC,,WYND,721110,N,A,R,50965,0,1,7011,98310W10,,,,,,,,,70.000,701.000,,,,,,,,,,,,,,,40.950,41.690,41.390,1447194.000,-0.006958,41.380,41.390,99419.000,1.000,1.000,41.690,,-0.006958,-0.002,-0.002,-0.002,-0.002,-0.002
91392,2018/09/10,,11,1,7011,98310W10,WYND,WYNDHAM DESTINATIONS INC,,WYND,721110,N,A,R,50965,0,1,7011,98310W10,,,,,,,,,70.000,701.000,,,,,,,,,,,,,,,41.100,41.700,41.110,1207204.000,-0.006765,41.110,41.120,99419.000,1.000,1.000,41.490,,-0.006765,0.002,0.002,0.001,0.001,0.002
91392,2018/09/11,,11,1,7011,98310W10,WYND,WYNDHAM DESTINATIONS INC,,WYND,721110,N,A,R,50965,0,1,7011,98310W10,,,,,,,,,70.000,701.000,,,,,,,,,,,,,,,40.180,41.380,40.210,1614940.000,-0.021893,40.220,40.230,99419.000,1.000,1.000,40.930,,-0.021893,0.003,0.003,0.000,0.000,0.004
91392,2018/09/12,,11,1,7011,98310W10,WYND,WYNDHAM DESTINATIONS INC,,WYND,721110,N,A,R,50965,0,1,7011,98310W10,,,,,,,,,70.000,701.000,,,,,,,,,,,,,,,40.000,40.740,40.710,1479976.000,0.012435,40.700,40.710,99419.000,1.000,1.000,40.210,,0.012435,0.001,0.001,0.001,0.001,0.000
91392,2018/09/13,,11,1,7011,98310W10,WYND,WYNDHAM DESTINATIONS INC,,WYND,721110,N,A,R,50965,0,1,7011,98310W10,2018/07/27,,,,,2018/09/28,2018/09/14,0.000,70.000,701.000,1232.000,0.410,0.000,0.000,,,,,,,,,,,40.340,41.225,40.960,1421096.000,0.016212,40.950,40.960,99419.000,1.000,1.000,40.420,,0.006141,0.004,0.004,0.001,0.001,0.005
91392,2018/09/14,,11,1,7011,98310W10,WYND,WYNDHAM DESTINATIONS INC,,WYND,721110,N,A,R,50965,0,1,7011,98310W10,,,,,,,,,70.000,701.000,,,,,,,,,,,,,,,40.830,42.280,42.180,1583786.000,0.029785,42.190,42.200,99419.000,1.000,1.000,41.060,,0.029785,0.001,0.001,-0.000,-0.000,0.000
91392,2018/09/17,,11,1,7011,98310W10,WYND,WYNDHAM DESTINATIONS INC,,WYND,721110,N,A,R,50965,0,1,7011,98310W10,,,,,,,,,70.000,701.000,,,,,,,,,,,,,,,42.065,42.650,42.150,1275159.000,-0.000711,42.140,42.150,99419.000,1.000,1.000,42.180,,-0.000711,-0.006,-0.006,-0.005,-0.005,-0.006
91392,2018/09/18,,11,1,7011,98310W10,WYND,WYNDHAM DESTINATIONS INC,,WYND,721110,N,A,R,50965,0,1,7011,98310W10,,,,,,,,,70.000,701.000,,,,,,,,,,,,,,,41.860,43.400,43.070,1259350.000,0.021827,43.080,43.090,99419.000,1.000,1.000,42.100,,0.021827,0.005,0.005,0.005,0.005,0.005
91392,2018/09/19,,11,1,7011,98310W10,WYND,WYNDHAM DESTINATIONS INC,,WYND,721110,N,A,R,50965,0,1,7011,98310W10,,,,,,,,,70.000,701.000,,,,,,,,,,,,,,,42.910,43.445,42.920,1176214.000,-0.003483,42.910,42.920,99419.000,1.000,1.000,43.100,,-0.003483,0.001,0.001,0.001,0.001,0.001
91392,2018/09/20,,11,1,7011,98310W10,WYND,WYNDHAM DESTINATIONS INC,,WYND,721110,N,A,R,50965,0,1,7011,98310W10,,,,,,,,,70.000,701.000,,,,,,,,,,,,,,,43.050,44.040,44.000,1529070.000,0.025163,43.990,44.000,99419.000,1.000,1.000,43.090,,0.025163,0.008,0.008,0.009,0.009,0.008
91392,2018/09/21,,11,1,7011,98310W10,WYND,WYNDHAM DESTINATIONS INC,,WYND,721110,N,A,R,50965,0,1,7011,98310W10,,,,,,,,,70.000,701.000,,,,,,,,,,,,,,,43.860,44.420,43.950,2052512.000,-0.001136,43.940,43.950,99419.000,1.000,1.000,44.150,,-0.001136,-0.001,-0.001,-0.001,-0.001,-0.000
91392,2018/09/24,,11,1,7011,98310W10,WYND,WYNDHAM DESTINATIONS INC,,WYND,721110,N,A,R,50965,0,1,7011,98310W10,,,,,,,,,70.000,701.000,,,,,,,,,,,,,,,42.330,43.720,42.500,1591391.000,-0.032992,42.500,42.510,99419.000,1.000,1.000,43.720,,-0.032992,-0.004,-0.004,-0.002,-0.002,-0.004
91392,2018/09/25,,11,1,7011,98310W10,WYND,WYNDHAM DESTINATIONS INC,,WYND,721110,N,A,R,50965,0,1,7011,98310W10,,,,,,,,,70.000,701.000,,,,,,,,,,,,,,,42.460,43.380,43.220,1338356.000,0.016941,43.210,43.220,99419.000,1.000,1.000,42.740,,0.016941,-0.001,-0.001,0.001,0.001,-0.001
91392,2018/09/26,,11,1,7011,98310W10,WYND,WYNDHAM DESTINATIONS INC,,WYND,721110,N,A,R,50965,0,1,7011,98310W10,,,,,,,,,70.000,701.000,,,,,,,,,,,,,,,42.950,43.540,43.090,1037424.000,-0.003008,43.080,43.090,99419.000,1.000,1.000,43.170,,-0.003008,-0.004,-0.004,-0.005,-0.005,-0.003
91392,2018/09/27,,11,1,7011,98310W10,WYND,WYNDHAM DESTINATIONS INC,,WYND,721110,N,A,R,50965,0,1,7011,98310W10,,,,,,,,,70.000,701.000,,,,,,,,,,,,,,,42.360,43.242,42.940,1077033.000,-0.003481,42.940,42.950,99419.000,1.000,1.000,42.730,,-0.003481,0.002,0.002,0.000,0.000,0.003
91392,2018/09/28,,11,1,7011,98310W10,WYND,WYNDHAM DESTINATIONS INC,,WYND,721110,N,A,R,50965,0,1,7011,98310W10,,,,,,,,0.000,70.000,701.000,,,,,,,,,,,,,,,42.800,43.610,43.360,1721851.000,0.009781,43.350,43.360,99419.000,1.000,1.000,42.840,,0.009781,0.000,-0.000,0.001,0.001,-0.000
91392,2018/10/01,,11,1,7011,98310W10,WYND,WYNDHAM DESTINATIONS INC,,WYND,721110,N,A,R,50965,0,1,7011,98310W10,,,,,,,,,70.000,701.000,,,,,,,,,,,,,,,41.430,43.590,41.480,994193.000,-0.043358,41.480,41.490,99419.000,1.000,1.000,43.590,,-0.043358,0.002,0.002,-0.003,-0.003,0.004
91392,2018/10/02,,11,1,7011,98310W10,WYND,WYNDHAM DESTINATIONS INC,,WYND,721110,N,A,R,50965,0,1,7011,98310W10,,,,,,,,,70.000,701.000,,,,,,,,,,,,,,,40.935,41.520,41.260,1019106.000,-0.005304,41.250,41.260,99419.000,1.000,1.000,41.390,,-0.005304,-0.002,-0.002,-0.005,-0.005,-0.000
91392,2018/10/03,,11,1,7011,98310W10,WYND,WYNDHAM DESTINATIONS INC,,WYND,721110,N,A,R,50965,0,1,7011,98310W10,,,,,,,,,70.000,701.000,,,,,,,,,,,,,,,41.030,41.720,41.150,1022061.000,-0.002666,41.140,41.150,99419.000,1.000,1.000,41.320,,-0.002666,0.002,0.002,0.006,0.006,0.001
91392,2018/10/04,,11,1,7011,98310W10,WYND,WYNDHAM DESTINATIONS INC,,WYND,721110,N,A,R,50965,0,1,7011,98310W10,,,,,,,,,70.000,701.000,,,,,,,,,,,,,,,39.795,41.160,40.060,1145134.000,-0.026488,40.060,40.070,99419.000,1.000,1.000,41.160,,-0.026488,-0.009,-0.009,-0.012,-0.012,-0.008
91392,2018/10/05,,11,1,7011,98310W10,WYND,WYNDHAM DESTINATIONS INC,,WYND,721110,N,A,R,50965,0,1,7011,98310W10,,,,,,,,,70.000,701.000,,,,,,,,,,,,,,,39.850,40.850,40.080,1167930.000,0.000499,40.070,40.080,99419.000,1.000,1.000,40.240,,0.000499,-0.006,-0.006,-0.007,-0.007,-0.006
91392,2018/10/08,,11,1,7011,98310W10,WYND,WYNDHAM DESTINATIONS INC,,WYND,721110,N,A,R,50965,0,1,7011,98310W10,,,,,,,,,70.000,701.000,,,,,,,,,,,,,,,39.570,40.160,39.950,747718.000,-0.003244,39.950,39.960,99419.000,1.000,1.000,39.890,,-0.003244,-0.001,-0.001,-0.003,-0.003,-0.000
91392,2018/10/09,,11,1,7011,98310W10,WYND,WYNDHAM DESTINATIONS INC,,WYND,721110,N,A,R,50965,0,1,7011,98310W10,,,,,,,,,70.000,701.000,,,,,,,,,,,,,,,39.150,40.040,39.180,818509.000,-0.019274,39.180,39.190,99419.000,1.000,1.000,40.000,,-0.019274,-0.002,-0.002,-0.004,-0.004,-0.001
91392,2018/10/10,,11,1,7011,98310W10,WYND,WYNDHAM DESTINATIONS INC,,WYND,721110,N,A,R,50965,0,1,7011,98310W10,,,,,,,,,70.000,701.000,,,,,,,,,,,,,,,36.890,39.190,36.940,2621443.000,-0.057172,36.930,36.950,99419.000,1.000,1.000,39.190,,-0.057172,-0.031,-0.031,-0.023,-0.023,-0.033
91392,2018/10/11,,11,1,7011,98310W10,WYND,WYNDHAM DESTINATIONS INC,,WYND,721110,N,A,R,50965,0,1,7011,98310W10,,,,,,,,,70.000,701.000,,,,,,,,,,,,,,,35.800,37.080,36.290,2215314.000,-0.017596,36.280,36.290,99419.000,1.000,1.000,36.950,,-0.017596,-0.019,-0.019,-0.013,-0.013,-0.021
91392,2018/10/12,,11,1,7011,98310W10,WYND,WYNDHAM DESTINATIONS INC,,WYND,721110,N,A,R,50965,0,1,7011,98310W10,,,,,,,,,70.000,701.000,,,,,,,,,,,,,,,35.920,36.910,36.580,1128971.000,0.007991,36.550,36.580,99419.000,1.000,1.000,36.880,,0.007991,0.012,0.012,0.006,0.006,0.014
91392,2018/10/15,,11,1,7011,98310W10,WYND,WYNDHAM DESTINATIONS INC,,WYND,721110,N,A,R,50965,0,1,7011,98310W10,,,,,,,,,70.000,701.000,,,,,,,,,,,,,,,36.370,37.290,36.820,1115428.000,0.006561,36.820,36.840,99419.000,1.000,1.000,36.510,,0.006561,-0.004,-0.004,0.002,0.001,-0.006
91392,2018/10/16,,11,1,7011,98310W10,WYND,WYNDHAM DESTINATIONS INC,,WYND,721110,N,A,R,50965,0,1,7011,98310W10,,,,,,,,,70.000,701.000,,,,,,,,,,,,,,,37.000,38.050,37.710,1145602.000,0.024172,37.710,37.720,99419.000,1.000,1.000,37.260,,0.024172,0.021,0.021,0.017,0.017,0.021
91392,2018/10/17,,11,1,7011,98310W10,WYND,WYNDHAM DESTINATIONS INC,,WYND,721110,N,A,R,50965,0,1,7011,98310W10,,,,,,,,,70.000,701.000,,,,,,,,,,,,,,,37.380,38.100,37.700,893447.000,-0.000265,37.700,37.710,99419.000,1.000,1.000,37.590,,-0.000265,-0.001,-0.001,-0.002,-0.002,-0.000
91392,2018/10/18,,11,1,7011,98310W10,WYND,WYNDHAM DESTINATIONS INC,,WYND,721110,N,A,R,50965,0,1,7011,98310W10,,,,,,,,,70.000,701.000,,,,,,,,,,,,,,,36.550,37.780,36.630,1150294.000,-0.028382,36.630,36.640,99419.000,1.000,1.000,37.720,,-0.028382,-0.015,-0.015,-0.012,-0.012,-0.014
91392,2018/10/19,,11,1,7011,98310W10,WYND,WYNDHAM DESTINATIONS INC,,WYND,721110,N,A,R,50965,0,1,7011,98310W10,,,,,,,,,70.000,701.000,,,,,,,,,,,,,,,36.350,37.130,36.460,773648.000,-0.004641,36.470,36.480,99419.000,1.000,1.000,36.660,,-0.004641,-0.002,-0.002,-0.005,-0.005,-0.000
91392,2018/10/22,,11,1,7011,98310W10,WYND,WYNDHAM DESTINATIONS INC,,WYND,721110,N,A,R,50965,0,1,7011,98310W10,,,,,,,,,70.000,701.000,,,,,,,,,,,,,,,36.270,36.790,36.300,1011428.000,-0.004388,36.290,36.300,99419.000,1.000,1.000,36.700,,-0.004388,-0.004,-0.004,-0.004,-0.004,-0.004
91392,2018/10/23,,11,1,7011,98310W10,WYND,WYNDHAM DESTINATIONS INC,,WYND,721110,N,A,R,50965,0,1,7011,98310W10,,,,,,,,,70.000,701.000,,,,,,,,,,,,,,,35.050,35.980,35.770,1472049.000,-0.014601,35.770,35.790,99419.000,1.000,1.000,35.610,,-0.014601,-0.006,-0.006,-0.008,-0.008,-0.006
91392,2018/10/24,,11,1,7011,98310W10,WYND,WYNDHAM DESTINATIONS INC,,WYND,721110,N,A,R,50965,0,1,7011,98310W10,,,,,,,,,70.000,701.000,,,,,,,,,,,,,,,33.610,35.850,33.630,1137680.000,-0.059827,33.630,33.640,99419.000,1.000,1.000,35.620,,-0.059827,-0.031,-0.031,-0.026,-0.026,-0.031
91392,2018/10/25,,11,1,7011,98310W10,WYND,WYNDHAM DESTINATIONS INC,,WYND,721110,N,A,R,50965,0,1,7011,98310W10,,,,,,,,,70.000,701.000,,,,,,,,,,,,,,,33.850,35.410,34.890,1292329.000,0.037466,34.910,34.920,99419.000,1.000,1.000,34.040,,0.037466,0.017,0.017,0.011,0.011,0.019
91392,2018/10/26,,11,1,7011,98310W10,WYND,WYNDHAM DESTINATIONS INC,,WYND,721110,N,A,R,50965,0,1,7011,98310W10,,,,,,,,,70.000,701.000,,,,,,,,,,,,,,,33.840,35.020,34.440,708305.000,-0.012898,34.430,34.440,99419.000,1.000,1.000,34.350,,-0.012898,-0.016,-0.016,-0.009,-0.009,-0.017
91392,2018/10/29,,11,1,7011,98310W10,WYND,WYNDHAM DESTINATIONS INC,,WYND,721110,N,A,R,50965,0,1,7011,98310W10,,,,,,,,,70.000,701.000,,,,,,,,,,,,,,,33.850,35.450,34.260,681249.000,-0.005226,34.240,34.270,99419.000,1.000,1.000,34.950,,-0.005226,-0.007,-0.007,-0.007,-0.007,-0.007
91392,2018/10/30,,11,1,7011,98310W10,WYND,WYNDHAM DESTINATIONS INC,,WYND,721110,N,A,R,50965,0,1,7011,98310W10,,,,,,,,,70.000,701.000,,,,,,,,,,,,,,,34.140,34.825,34.800,1262132.000,0.015762,34.790,34.800,99419.000,1.000,1.000,34.140,,0.015762,0.016,0.015,0.011,0.011,0.016
91392,2018/10/31,,11,1,7011,98310W10,WYND,WYNDHAM DESTINATIONS INC,,WYND,721110,N,A,R,50965,0,1,7011,98310W10,,,,,,,,0.000,70.000,701.000,,,,,,,,,,,,,,,35.130,36.075,35.880,1943368.000,0.031035,35.870,35.880,99419.000,1.000,1.000,35.300,,0.031035,0.010,0.010,0.008,0.008,0.011
91392,2018/11/01,,11,1,7011,98310W10,WYND,WYNDHAM DESTINATIONS INC,,WYND,721110,N,A,R,50965,0,1,7011,98310W10,,,,,,,,,70.000,701.000,,,,,,,,,,,,,,,36.470,43.320,42.690,3749309.000,0.189799,42.700,42.720,99419.000,1.000,1.000,36.580,,0.189799,0.013,0.013,0.019,0.019,0.011
91392,2018/11/02,,11,1,7011,98310W10,WYND,WYNDHAM DESTINATIONS INC,,WYND,721110,N,A,R,50965,0,1,7011,98310W10,,,,,,,,,70.000,701.000,,,,,,,,,,,,,,,42.720,43.880,43.160,2176486.000,0.011010,43.170,43.180,99419.000,1.000,1.000,43.340,,0.011010,-0.005,-0.005,0.001,0.001,-0.006
91392,2018/11/05,,11,1,7011,98310W10,WYND,WYNDHAM DESTINATIONS INC,,WYND,721110,N,A,R,50965,0,1,7011,98310W10,,,,,,,,,70.000,701.000,,,,,,,,,,,,,,,42.635,43.830,42.840,1191668.000,-0.007414,42.840,42.850,99419.000,1.000,1.000,43.320,,-0.007414,0.004,0.004,0.002,0.002,0.006
91392,2018/11/06,,11,1,7011,98310W10,WYND,WYNDHAM DESTINATIONS INC,,WYND,721110,N,A,R,50965,0,1,7011,98310W10,,,,,,,,,70.000,701.000,,,,,,,,,,,,,,,42.350,43.645,43.340,1866503.000,0.011671,43.350,43.360,99419.000,1.000,1.000,42.510,,0.011671,0.006,0.006,0.004,0.003,0.006
91392,2018/11/07,,11,1,7011,98310W10,WYND,WYNDHAM DESTINATIONS INC,,WYND,721110,N,A,R,50965,0,1,7011,98310W10,,,,,,,,,70.000,701.000,,,,,,,,,,,,,,,42.520,43.680,42.950,2340289.000,-0.008999,42.930,42.940,99419.000,1.000,1.000,43.680,,-0.008999,0.019,0.019,0.011,0.011,0.021
91392,2018/11/08,,11,1,7011,98310W10,WYND,WYNDHAM DESTINATIONS INC,,WYND,721110,N,A,R,50965,0,1,7011,98310W10,,,,,,,,,70.000,701.000,,,,,,,,,,,,,,,42.290,43.035,42.680,948014.000,-0.006286,42.660,42.670,99419.000,1.000,1.000,42.610,,-0.006286,-0.003,-0.003,-0.003,-0.003,-0.003
91392,2018/11/09,,11,1,7011,98310W10,WYND,WYNDHAM DESTINATIONS INC,,WYND,721110,N,A,R,50965,0,1,7011,98310W10,,,,,,,,,70.000,701.000,,,,,,,,,,,,,,,41.050,42.550,41.600,1011799.000,-0.025305,41.590,41.600,99419.000,1.000,1.000,42.270,,-0.025305,-0.010,-0.010,-0.012,-0.013,-0.009
91392,2018/11/12,,11,1,7011,98310W10,WYND,WYNDHAM DESTINATIONS INC,,WYND,721110,N,A,R,50965,0,1,7011,98310W10,,,,,,,,,70.000,701.000,,,,,,,,,,,,,,,41.000,41.780,41.410,825434.000,-0.004567,41.430,41.450,99419.000,1.000,1.000,41.600,,-0.004567,-0.019,-0.019,-0.016,-0.016,-0.020
91392,2018/11/13,,11,1,7011,98310W10,WYND,WYNDHAM DESTINATIONS INC,,WYND,721110,N,A,R,50965,0,1,7011,98310W10,,,,,,,,,70.000,701.000,,,,,,,,,,,,,,,41.480,42.470,41.500,608158.000,0.002173,41.510,41.520,99419.000,1.000,1.000,41.610,,0.002173,-0.001,-0.001,-0.002,-0.002,-0.001
91392,2018/11/14,,11,1,7011,98310W10,WYND,WYNDHAM DESTINATIONS INC,,WYND,721110,N,A,R,50965,0,1,7011,98310W10,,,,,,,,,70.000,701.000,,,,,,,,,,,,,,,41.490,42.720,41.630,748606.000,0.003133,41.630,41.650,99419.000,1.000,1.000,42.000,,0.003133,-0.007,-0.007,-0.006,-0.006,-0.008
91392,2018/11/15,,11,1,7011,98310W10,WYND,WYNDHAM DESTINATIONS INC,,WYND,721110,N,A,R,50965,0,1,7011,98310W10,,,,,,,,,70.000,701.000,,,,,,,,,,,,,,,40.960,42.290,41.880,899881.000,0.006005,41.890,41.910,99419.000,1.000,1.000,41.230,,0.006005,0.011,0.011,0.008,0.008,0.011
91392,2018/11/16,,11,1,7011,98310W10,WYND,WYNDHAM DESTINATIONS INC,,WYND,721110,N,A,R,50965,0,1,7011,98310W10,,,,,,,,,70.000,701.000,,,,,,,,,,,,,,,41.330,42.080,41.680,952233.000,-0.004776,41.650,41.660,99419.000,1.000,1.000,41.460,,-0.004776,0.002,0.002,0.000,0.000,0.002
91392,2018/11/19,,11,1,7011,98310W10,WYND,WYNDHAM DESTINATIONS INC,,WYND,721110,N,A,R,50965,0,1,7011,98310W10,,,,,,,,,70.000,701.000,,,,,,,,,,,,,,,41.100,42.110,41.290,710611.000,-0.009357,41.290,41.300,99419.000,1.000,1.000,41.720,,-0.009357,-0.017,-0.017,-0.013,-0.013,-0.017
91392,2018/11/20,,11,1,7011,98310W10,WYND,WYNDHAM DESTINATIONS INC,,WYND,721110,N,A,R,50965,0,1,7011,98310W10,,,,,,,,,70.000,701.000,,,,,,,,,,,,,,,40.000,41.200,41.010,921875.000,-0.006781,41.000,41.010,99419.000,1.000,1.000,40.490,,-0.006781,-0.018,-0.018,-0.016,-0.016,-0.018
91392,2018/11/21,,11,1,7011,98310W10,WYND,WYNDHAM DESTINATIONS INC,,WYND,721110,N,A,R,50965,0,1,7011,98310W10,,,,,,,,,70.000,701.000,,,,,,,,,,,,,,,41.330,42.600,42.050,512128.000,0.025360,42.020,42.050,99419.000,1.000,1.000,41.330,,0.025360,0.006,0.006,0.012,0.011,0.003
91392,2018/11/23,,11,1,7011,98310W10,WYND,WYNDHAM DESTINATIONS INC,,WYND,721110,N,A,R,50965,0,1,7011,98310W10,,,,,,,,,70.000,701.000,,,,,,,,,,,,,,,41.310,42.410,41.790,239170.000,-0.006183,41.800,41.830,99419.000,1.000,1.000,41.880,,-0.006183,-0.006,-0.006,-0.001,-0.001,-0.007
91392,2018/11/26,,11,1,7011,98310W10,WYND,WYNDHAM DESTINATIONS INC,,WYND,721110,N,A,R,50965,0,1,7011,98310W10,,,,,,,,,70.000,701.000,,,,,,,,,,,,,,,42.260,43.095,42.650,748499.000,0.020579,42.630,42.640,99419.000,1.000,1.000,42.260,,0.020579,0.015,0.015,0.005,0.005,0.016
91392,2018/11/27,,11,1,7011,98310W10,WYND,WYNDHAM DESTINATIONS INC,,WYND,721110,N,A,R,50965,0,1,7011,98310W10,,,,,,,,,70.000,701.000,,,,,,,,,,,,,,,41.140,42.250,41.690,919957.000,-0.022509,41.710,41.720,99419.000,1.000,1.000,41.710,,-0.022509,0.001,0.000,-0.005,-0.005,0.003
91392,2018/11/28,,11,1,7011,98310W10,WYND,WYNDHAM DESTINATIONS INC,,WYND,721110,N,A,R,50965,0,1,7011,98310W10,,,,,,,,,70.000,701.000,,,,,,,,,,,,,,,40.970,42.000,41.740,1540835.000,0.001199,41.690,41.720,99419.000,1.000,1.000,41.690,,0.001199,0.022,0.022,0.016,0.016,0.023
91392,2018/11/29,,11,1,7011,98310W10,WYND,WYNDHAM DESTINATIONS INC,,WYND,721110,N,A,R,50965,0,1,7011,98310W10,,,,,,,,,70.000,701.000,,,,,,,,,,,,,,,41.070,42.210,41.650,873219.000,-0.002156,41.640,41.650,99419.000,1.000,1.000,41.710,,-0.002156,-0.002,-0.002,-0.000,-0.000,-0.002
91392,2018/11/30,,11,1,7011,98310W10,WYND,WYNDHAM DESTINATIONS INC,,WYND,721110,N,A,R,50965,0,1,7011,98310W10,,,,,,,,0.000,70.000,701.000,,,,,,,,,,,,,,,40.940,42.190,41.470,1373159.000,-0.004322,41.440,41.460,97453.000,1.000,1.000,41.610,,-0.004322,0.007,0.007,0.001,0.001,0.008
91392,2018/12/03,,11,1,7011,98310W10,WYND,WYNDHAM DESTINATIONS INC,,WYND,721110,N,A,R,50965,0,1,7011,98310W10,,,,,,,,,70.000,701.000,,,,,,,,,,,,,,,41.890,42.930,42.270,1001467.000,0.019291,42.240,42.260,97453.000,1.000,1.000,42.280,,0.019291,0.011,0.011,0.010,0.010,0.011
91392,2018/12/04,,11,1,7011,98310W10,WYND,WYNDHAM DESTINATIONS INC,,WYND,721110,N,A,R,50965,0,1,7011,98310W10,,,,,,,,,70.000,701.000,,,,,,,,,,,,,,,40.380,42.100,40.500,1126466.000,-0.041874,40.480,40.500,97453.000,1.000,1.000,42.090,,-0.041874,-0.032,-0.032,-0.027,-0.027,-0.032
91392,2018/12/06,,11,1,7011,98310W10,WYND,WYNDHAM DESTINATIONS INC,,WYND,721110,N,A,R,50965,0,1,7011,98310W10,,,,,,,,,70.000,701.000,,,,,,,,,,,,,,,39.220,40.550,40.500,1024515.000,0.000000,40.500,40.510,97453.000,1.000,1.000,39.600,,0.000000,-0.002,-0.002,-0.006,-0.007,-0.002
91392,2018/12/07,,11,1,7011,98310W10,WYND,WYNDHAM DESTINATIONS INC,,WYND,721110,N,A,R,50965,0,1,7011,98310W10,,,,,,,,,70.000,701.000,,,,,,,,,,,,,,,38.810,40.920,38.880,715037.000,-0.040000,38.880,38.890,97453.000,1.000,1.000,40.260,,-0.040000,-0.021,-0.021,-0.012,-0.012,-0.023
91392,2018/12/10,,11,1,7011,98310W10,WYND,WYNDHAM DESTINATIONS INC,,WYND,721110,N,A,R,50965,0,1,7011,98310W10,,,,,,,,,70.000,701.000,,,,,,,,,,,,,,,37.790,39.250,38.300,1401979.000,-0.014918,38.290,38.300,97453.000,1.000,1.000,38.790,,-0.014918,-0.000,-0.000,-0.007,-0.007,0.002
91392,2018/12/11,,11,1,7011,98310W10,WYND,WYNDHAM DESTINATIONS INC,,WYND,721110,N,A,R,50965,0,1,7011,98310W10,,,,,,,,,70.000,701.000,,,,,,,,,,,,,,,37.720,38.920,37.780,989282.000,-0.013577,37.760,37.780,97453.000,1.000,1.000,38.590,,-0.013577,-0.001,-0.001,-0.003,-0.003,-0.000
91392,2018/12/12,,11,1,7011,98310W10,WYND,WYNDHAM DESTINATIONS INC,,WYND,721110,N,A,R,50965,0,1,7011,98310W10,,,,,,,,,70.000,701.000,,,,,,,,,,,,,,,37.970,38.910,37.970,927025.000,0.005029,37.980,38.000,97453.000,1.000,1.000,38.380,,0.005029,0.006,0.006,0.007,0.007,0.005
91392,2018/12/13,,11,1,7011,98310W10,WYND,WYNDHAM DESTINATIONS INC,,WYND,721110,N,A,R,50965,0,1,7011,98310W10,2018/11/14,,,,,2018/12/28,2018/12/14,0.000,70.000,701.000,1232.000,0.410,0.000,0.000,,,,,,,,,,,37.430,38.260,37.560,545615.000,0.000000,37.550,37.560,97453.000,1.000,1.000,38.030,,-0.010798,-0.002,-0.002,-0.009,-0.009,-0.000
91392,2018/12/14,,11,1,7011,98310W10,WYND,WYNDHAM DESTINATIONS INC,,WYND,721110,N,A,R,50965,0,1,7011,98310W10,,,,,,,,,70.000,701.000,,,,,,,,,,,,,,,37.090,38.190,37.500,597608.000,-0.001597,37.490,37.510,97453.000,1.000,1.000,37.100,,-0.001597,-0.017,-0.017,-0.013,-0.013,-0.019
91392,2018/12/17,,11,1,7011,98310W10,WYND,WYNDHAM DESTINATIONS INC,,WYND,721110,N,A,R,50965,0,1,7011,98310W10,,,,,,,,,70.000,701.000,,,,,,,,,,,,,,,37.010,38.210,37.170,1067098.000,-0.008800,37.190,37.200,97453.000,1.000,1.000,37.470,,-0.008800,-0.021,-0.021,-0.021,-0.021,-0.021
91392,2018/12/18,,11,1,7011,98310W10,WYND,WYNDHAM DESTINATIONS INC,,WYND,721110,N,A,R,50965,0,1,7011,98310W10,,,,,,,,,70.000,701.000,,,,,,,,,,,,,,,37.290,38.180,37.470,1143854.000,0.008071,37.470,37.490,97453.000,1.000,1.000,37.550,,0.008071,-0.000,-0.000,-0.005,-0.005,0.000
91392,2018/12/19,,11,1,7011,98310W10,WYND,WYNDHAM DESTINATIONS INC,,WYND,721110,N,A,R,50965,0,1,7011,98310W10,,,,,,,,,70.000,701.000,,,,,,,,,,,,,,,36.090,38.570,36.220,837430.000,-0.033360,36.200,36.220,97453.000,1.000,1.000,37.510,,-0.033360,-0.015,-0.015,-0.013,-0.014,-0.015
91392,2018/12/20,,11,1,7011,98310W10,WYND,WYNDHAM DESTINATIONS INC,,WYND,721110,N,A,R,50965,0,1,7011,98310W10,,,,,,,,,70.000,701.000,,,,,,,,,,,,,,,34.820,36.100,35.530,835525.000,-0.019050,35.510,35.520,97453.000,1.000,1.000,36.000,,-0.019050,-0.015,-0.015,-0.018,-0.018,-0.016
91392,2018/12/21,,11,1,7011,98310W10,WYND,WYNDHAM DESTINATIONS INC,,WYND,721110,N,A,R,50965,0,1,7011,98310W10,,,,,,,,,70.000,701.000,,,,,,,,,,,,,,,34.210,35.780,34.470,2155500.000,-0.029834,34.470,34.480,97453.000,1.000,1.000,35.520,,-0.029834,-0.021,-0.021,-0.019,-0.019,-0.021
91392,2018/12/24,,11,1,7011,98310W10,WYND,WYNDHAM DESTINATIONS INC,,WYND,721110,N,A,R,50965,0,1,7011,98310W10,,,,,,,,,70.000,701.000,,,,,,,,,,,,,,,33.550,34.590,33.860,557025.000,-0.017697,33.890,33.910,97453.000,1.000,1.000,34.240,,-0.017697,-0.024,-0.024,-0.014,-0.015,-0.027
91392,2018/12/26,,11,1,7011,98310W10,WYND,WYNDHAM DESTINATIONS INC,,WYND,721110,N,A,R,50965,0,1,7011,98310W10,,,,,,,,,70.000,701.000,,,,,,,,,,,,,,,33.760,35.870,35.830,844581.000,0.058181,35.840,35.850,97453.000,1.000,1.000,34.020,,0.058181,0.047,0.047,0.031,0.031,0.050
91392,2018/12/27,,11,1,7011,98310W10,WYND,WYNDHAM DESTINATIONS INC,,WYND,721110,N,A,R,50965,0,1,7011,98310W10,,,,,,,,,70.000,701.000,,,,,,,,,,,,,,,34.590,36.270,36.230,922266.000,0.011164,36.240,36.250,97453.000,1.000,1.000,35.170,,0.011164,0.007,0.007,0.001,0.000,0.009
91392,2018/12/28,,11,1,7011,98310W10,WYND,WYNDHAM DESTINATIONS INC,,WYND,721110,N,A,R,50965,0,1,7011,98310W10,,,,,,,,,70.000,701.000,,,,,,,,,,,,,,,35.600,36.850,35.960,889406.000,-0.007452,35.960,35.970,97453.000,1.000,1.000,36.250,,-0.007452,0.000,-0.000,0.009,0.009,-0.001
91392,2018/12/31,,11,1,7011,98310W10,WYND,WYNDHAM DESTINATIONS INC,,WYND,721110,N,A,R,50965,0,1,7011,98310W10,,0.000,,100.000,,,,0.000,70.000,701.000,,,,,,,0,A,0.000,A,,,,,35.590,36.300,35.840,958243.000,-0.003337,35.850,35.860,97453.000,1.000,1.000,36.110,,-0.003337,0.008,0.008,0.006,0.006,0.008
